"Rank","Surname","First Name","Unit","Date of Execution","Age at Death","Notes"
"Private","Abigail","John","8th Battalion Norfolk Regiment","12th September 1917","Age 20","Private John Henry Abigail (20) of the 8th Battalion, Royal Norfolk Regiment, was executed by firing squad for desertion on September 12, 1917, near Esquelbecq, France. He was a four-time offender who deserted again while in the Ypres Salient, shortly before his unit was scheduled to fight in the Passchendaele offensive."
"Private","Adamson","James","7th Battalion Cameron Highlanders","23rd November 1917","Age 30","Private Adamson, James Stark; S/17688. 7th Bn. Cameron Highlanders, executed for cowardice 23/11/1917, aged 30. Plot II. C. 18 St. Nicolas British Cemetery. Husband of Annie P. Adamson, of 234, Links Street, Kirkaldy, Fife."
"Labourer","Ahmed","Mahmoud","71 Company Egyptian Labour Corps","10th October 1917","Age Unknown","Hamoud Mahomed Ahmed (of the Egyptian Labour Corps was executed by firing squad on October 10, 1917, during World War I. Ahmed was a leader among Egyptian labourers in the 71st Labour Company, which was helping with logistics, specifically at a camp near Marseille, France. He was convicted of mutiny and striking a British officer. In September 1917, labourers in the Egyptian Labour Corps protested their working conditions, claiming their contracts had expired and they were being forced to continue working. During a confrontation, Ahmed struck a British officer with a stick. After being arrested, he was tried by court-martial, found guilty of mutinous conduct, and sentenced to death, which was confirmed by General Douglas Haig. He is listed as buried at Mazargues War Cemetery in Marseille. His execution was part of a harsh British response to mutinies in the Egyptian Labour Corps, which was deemed necessary because of the importance of these labourers in maintaining supply lines during the war."
"Private","Ainley","George","1/4th Battalion King's Own Yorkshire Light Infantry","30th July 1918","Age 20","George was possibly conscripted into the Army. Certainly there is a record that shows that George  had been tried on 28 January 1918 for incurring a self inflicted wound. By the end of July he had deserted no less than three times. His commanding officer submitted a written statement to the Field Court Martial which stated that “Private Ainley appears to be lacking a sense of responsibility and his military character in consequence is not good” He was shot on 30th July 1918. His grave is in the same cemetery as another soldier from Sheffield who was executed"
"CQMS","Alexander","William","10th Battalion Canadian Expeditionary Force","18th October 1917","Age 37","William Alexander (1880–1917) was a Canadian soldier with the 10th Battalion, CEF, executed by firing squad for desertion on October 18, 1917, during WWI. A 37-year-old sergeant, he was found behind lines after an assault and, despite previous service, was shot, making him one of 25 Canadians executed."
"Rifleman","Allsop","Arthur","12th Battalion King's Royal Rifle","15th June 1917","Age 21","Arthur Ernest Allsop served with the 12th Battalion King's Royal Rifle Corps . He was executed for desertion on 15th June 1917 and is buried at Favreuil British Cemetery Grave"
"Private","Anderson","James","12th Battalion King's (Liverpool) Regiment","12th September 1916","Age 30","Anderson was court Marshalled and sentenced to be shot for 'cowardice'. At his trial he said that two of his brothers had been killed, (one being my grandfather, killed in Ypres March1916), and another brother injured at Gallipoli. Clearly, this was a young man who had reached the end of his ability to continue to function. James was executed on the 12th September 1916, two weeks before his 30th birthday. He was interred at or near his place of execution. In 1922 his body was recovered and re buried in a CWGC Cemetery, at Fienvilliers."
"Private","Anderson","William","5th Battalion Dorsetshire Regiment","31st March 1917","Age 21","In September 1916, Anderson was with a group working under heavy shellfire at Mouquet Farm on the Somme. He was reported missing at roll call on September 29, 1916. He was charged with desertion, tried, and executed. Another soldier, Private John Lewis, was also executed in relation to this incident. He is buried in the Gezaincourt Communal Cemetery Extension in the Somme, France"
"Private","Ansted","Alfred","4th Battalion Royal Fusiliers","15th November 1916","Age 29","Ansted went absent in August 1916 from Guillemont on the Somme and two months later handed himself in to the Military Police at Corbie. During his trial he claimed to have been ‘unnerved by shellfire’. Found guilty of cowardice, he was summarily executed by firing squad on November 15, 1916, and is buried in the Bertancourt Military Cemetery, France. He was 29-years-old"
"Private","Archibald","James","17th Battalion Royal Scots","4th June 1916","Age 20","According to his commanding officer, Archibold was not a man who gave much trouble, neither was he in any way sense a man whom one would pick out as a good man. He is considered to be of poor intellect, and considered that he is a typical slum product of a low level of intelligence. From a fighting point of view, Pte. Archibald was of not much consideration. He was noted in his Company roll book as an unreliable man. He came out with the Battalion to France on 31st January 1916.His Company Commander is of opinion that the crime was deliberately committed, as the whole company knew that they were proceeding to their turn in the trenches and Pte. Archibald had been warned as one of the sentry groups to be posted on arrival in the line. It is doubtful he realised the gravity of the offence he was committing; if this was so however it was not from want of warning as previous similar cases in which the extreme penalty has been inflicted had been brought to the notice of the men of the Battalion."
"Gunner","Arnold","Frederick","1st Brigade Canadian Field Artillery","25th June 1916","Age 26","Frederick Arnold was born in Cleveland, Ohio, in 1890. He enlisted in the Canadian military in Quebec three weeks after the outbreak of the Great War. In early June 1916, Arnold left his battalion in France. He was arrested on June 27 and, a few weeks later, executed by a firing squad. Arnold was 26 years old. Historian Andrew Godefroy has said that “Arnold did not deserve a death sentence by any means, especially if he was only absent for a few days. 'Not only was Arnold only away from his battalion for a very short period of time, his medical records indicate he was suffering from shell shock. He was, of course, executed anyways."
"Lance Sergeant","Ashton","Harry","11th Battalion Cameronians (Scottish Rifles)","8th July 1917","Age 20","Harry joined the 11th Battalion of the Cameronians (Scottish Rifles) S/No. 13827 in September 1914 when he was 17. He served on the Western Front twice, being wounded both times. He was then sent to Greece. In an attack on 8 May 1917 during the Salonika campaign, Harry missed his battalion’s departure into action. As a result Ashton was executed for desertion."
"Lance Corporal","Atkinson","Alfred","1st Battalion West Yorkshire Regiment","2nd March 1915","Age 24","Alfred Atkinson, 1st Bn. West Yorkshire Regiment (Prince of Wales's Own),  executed for desertion 2nd March 1915. He won a sum of money gambling, & after a drinking-bout deserted from his battalion when it was under orders to proceed to the front.  Atkinson was arrested 3 weeks later.  At trial, evidence was given that he was a good soldier, hence his sentence had carried a recommendation to mercy"
"Private","Auger","Fortunat","14th Battalion Canadian Expeditionary Force","26th March 1916","Age 25","Private Fortunat Auger the first Canadian soldier to be Shot at Dawn during the Great War on 26 March 1916. Major Robert Clark MC having recently taken command of the 14th Battalion (Royal Montreal Regiment) intended to send a strong message to the many undisciplined soldiers of his unit. The 14th Battalion entered the trenches during the Battle of Festubert on 26 May 1915. While on active service, Private Fortunat Auger deserting his Majesty’s service on 26 May 1915 – absent from trench – 2 days. On 9 November 1915, the 14th Battalion leave Kortepyp Huts and enter the trenches. Again, while on active service, Auger deserting his Majesty’s service 10 November 1915 – absent from trench – 4 days. The 14th Battalion into Brigade Reserve later at Courte Dreve Farm on 4 November 1915. Having absconded for a third time in December 1915, Auger tried for Desertion by a Field General Court Martial (FGCM), but found guilty only of being AWOL and sentenced to 12 months imprisonment. Such long terms typically reduced – Auger was released and returned to his unit during the first week of January 1916. Private Fortunat Auger again tried by FGCM on 15 March 1916, and later sentenced – Executed for Desertion"
"Private","Baker","William","26th Battalion Royal Fusiliers","14th August 1918","Age Unknown","Private William Baker was shot on August 14, 1918, in Poperinghe, Belgium. He was 21 years old and had been accused of being a habitual absentee, having escaped from custody multiple times, including disappearing while under arrest in April 1918 and attempting to use false details at a hospital, according to information in a Great War Forum post citing official records. He is buried at the Lijssenthoek Military Cemetery in Belgium"
"Private","Ball","Joseph","2nd Battalion Middlesex Regiment","12th January 1915","Age 20","It seems from Joseph Ball’s service record that the 2nd Battalion, Middlesex Regiment, let themselves and this young soldier down terribly. Despite his clear inadequacy as a soldier, they kept him on for some reason, punishing his misdemeanours but not sending him back out into civilian life. When it came to the Great War, they took this unreliable soldier with them to France, and when he deserted, ruthless punishment ensued and he was executed."
"Rifleman","Barker","Robert","1/6th Battalion London Regiment (Rifles)","4th November 1916","Age 21","Private William Baker, 26th Bn. Royal Fusiliers, executed for desertion 14/08/1918, Barker was already under a suspended death sentence when his battalion fought at the Battle of the Somme. A few days later, he refused to leave a shelter to face the enemy while under heavy German bombardment. At the time, this was legally classified as cowardice, though modern historians and medical professionals widely recognize his actions as symptoms of severe shell shock or Post-Traumatic Stress Disorder (PTSD)"
"Private","Barnes","John","7th Battalion Royal Sussex Regiment","4th July 1917","Age 24","Despite an apparent mental breakdown in the summer of 1916, John was not treated effectively and returned to France. Following an order to proceed to the frontline he deserted in May 1917. However, he was not of good character as he was already under a suspended sentence of 15 years’ penal servitude for desertion when, on 2nd May 1917, he repeated his crime, and was caught court martialled again. Private Barnes was ‘Shot at Dawn’ by firing squad on the charge of desertion in the face of the enemy on 4th July 1917, aged 24 years. He was a resident of 49 Arundel Road, Littlehampton."
"Rifleman","Barratt","Frederick","7th Battalion King's Royal Rifle Corps","10th July 1917","Age 23","Rifleman Frederick Martin Barratt, 7th Battalion, Kings Royal Rifle Corps, he was executed for desertion on 10th July 1917, aged 23.  Son of Rosena Elizabeth Hull, of Fulham. A young Regular, he deserted having the previous year been sentenced to 3 years' penal servitude for sleeping on his post. At trial, Barratt stated that his constitution had never recovered from being wounded & left unattended for 5 days when serving with the BEF; & that he became terrified when under fire"
"Private","Bateman","Frank","1/4th Battalion York and Lancaster Regiment","10th September 1918","Age 28","Bateman first deserted in 1917 and received a sentence of one year’s imprisonment that was suspended. Later that year he was returned to England with this time a self inflicted wound. Returning to his original Battalion in 1918 (1/4 King's Own Yorkshire Light Infantry) he deserted again and received a fifteen year sentence again suspended. In June 1918 he went missing yet again and received the death sentence at the subsequent court martial. The sentence was carried out on 10th September 1918. Frank was the sixth and final soldier from Sheffield to be executed. It was  just two months from the end of the war.  In the Sheffield Weekly News of 12th October 1918 the following notice appeared BATEMAN – In loving memory of Private Frank Bateman, Yorks and Lancs, died on service 10th September 1918, after three-and-half years service. Deeply regretted – From Father ,Brother and Sister.  The inference of the notice is chilling. Frank’s family were deceived into believing that he had died “on service” – the term was copied from the official army notification of his death. They were unaware of the tragedy that was inflicted on Frank by the British Army."
"Private","Bateman","Joseph","2nd Battalion South Staffordshire Regiment","3rd December 1917","Age Unknown","The 2nd Battalion South Staffordshire Regiment private was among the earliest wave of young Britons to sign up, in late 1914 — but his three years of service were marked by intermittent AWOL episodes, including when the unit was on home soil, far from the front lines. It’s not clear the reason for this eventually fatal pattern leading to his execution on 3rd December 1917."
"Private","Beaumont","Ernest","2nd Battalion Leicestershire Regiment","24th June 1915","Age 27","Private 8710 Ernest Alfred Beaumont was a British soldier in the 2nd Battalion, Leicestershire Regiment, who was executed by firing squad during World War I on June 24, 1915. He was 27 years old, served in France from October 1914. He absented himself on March 14, 1915, while traveling from Le Havre to rejoin his unit, and was later arrested in Rouen on May 4, 1915. He is buried in Plot I. G. 1 of the St. Vaast Post Military Cemetery in Richebourg-L'Avoue, France. Although listed in the 2nd Battalion of the Leicestershire Regiment, he is identified in records as the son of James William and Annie Beaumont of Cambridge"
"Sapper","Beeby","Ernest","212th Company Royal Engineers","9th December 1916","Age Unknown","Pioneer Ernest Beeby pleaded not guilty to the charge of desertion. He was examined by a Medical Commission This commission found that he understood that the act he was tried for was wrong and he understood the consequences of his action. Therefore, the Medical Commission found that Pioneer Beeby was sane and fit to stand trial. The court found Beeby guilty of desertion and sentence him to death by shooting. The sentence was confirmed, and carried out at Albert on 9 December 1916 at 06:27 hours. The death was witnessed as instantaneous."
"Driver","Bell","John","57th Battery Royal Field Artillery","25th April 1915","Age Unknown","Driver John Bell of the 57th Battery RFA was executed at 7.00 am on 25 April 1915 'at the 57th Battery Waggon Lines' for the crime of desertion. The file on him and his co-accused is larger than usual. Eleven prosecution witnesses appeared against Bell, who faced two charges the finding of guilty on the second was quashed 'on account of inadmissible evidence'. On 20 October 1914 he and number 69606 Driver Wilkinson were detailed to march with the dismounted parties in the rear of baggage wagons making their way to Poperinghe. At the end of the journey they were missing, and were eventually arrested two months later by a French gendarme about two miles from Boulogne (on 18 December). The two absentees made three attempts to escape before they were taken to the Stragglers' room at Boulogne, Bell was handed over to Sgt C.A. Mudge of the 1st East Surreys 'as a straggler' on Christmas Eve, but was not put under close arrest, and on Boxing Day he took off again, to be rearrested two days later. He escaped at least once - and maybe twice-more. At his court martial Bell, unlike many of those on trial for their life, spoke on his own behalf. According to his story he fell out without permission on the march to Poperinghe, then tried to rejoin his comrades but found they had gone. He and Wilkinson spent the night in a French billet and reported the following day to the HQ of the 1st Division. From there they went to a Belgian HQ and looked elsewhere for their unit. The two deserters then got on a train which was heading for Paris. They got off and decided to walk to Boulogne. They got as far as La Cappelle where they were arrested on 15 December- not the 18th as had been alleged. They did not resist, Bell was at pains to point out. 'We would not have let one man arrest us, if we had wished to get away'"
"Rifleman","Bellamy","William","1st Battalion King's Royal Rifle","16th July 1915","Age 34","Rifleman Bellamy, W; 5/3119. 1st Bn. King's Royal Rifle Corps, executed for cowardice"
"Private","Benham","William","1/3rd Battalion London Regiment (Royal Fusiliers)","12th July 1917","Age Unknown","Private William Benham was a volunteer serving in this Territorial division. Unlike his predecessors Benham appears to have been of good character prior to his desertion. He had served with 1/3 London Regiment since April 1916, and it must be assumed that a year later during the Battle of Arras, he absconded. The soldier’s end came at 4.37 am on 12 July, when he faced a firing squad comprised of his battalion comrades."
"Private","Bennett","John","1st Battalion Hampshire Regiment","28th August 1916","Age 19","Private John Bennett was a 19-year-old British soldier who was executed for cowardice on 28 August 1916 during the First World War. He served in the 1st Battalion of the Hampshire Regiment and was the first and only member of his regiment to face an execution by firing squad during the war. Private Bennett panicked and fled from his position during intense action at the Battle of the Somme. Though he returned to his unit hours later, he was charged with misbehaviour before the enemy. During his court-martial, his commanding officer and a review board suggested that Bennett was suffering from shell shock and recommended mercy. However, the Corps Commander, Lieutenant-General Aylmer Hunter-Weston, denied the plea and insisted on the death penalty. He was shot at dawn at 07:25 in Poperinghe, Belgium. His body is buried at the Poperinghe New Military Cemetery in Belgium"
"Private","Black","Peter","1/4th Battalion Royal Highlanders (Black Watch)","18th September 1916","Age 21","Private Peter Black, Black Watch (Royal Highlanders), already had a suspended sentence of death for desertion when he went missing a second time just before going into action. His absence lasted for a month and, after Court Martial, he was shot on 18 September 1916 near the border between France and Belgium."
"Private","Bladen","Charles","10th Battalion York and Lancaster Regiment","23rd March 1916","Age 26","Charles joined the York and Lancaster Regiment 10th Battalion. Rank: Private. Service No. 14537. On 20 Dec 1915, he deserted from his battalion which was fighting at Armentières. When arrested in London on the following January 29th 1916, Bladen said that he had merely overstayed his home leave. He then made 3 attempts at escape which failed; his trial followed, and he was executed on March 23rd 1916 aged 26. He is buried at Cite Bonjean Military Cemetery, France."
"Private","Blakemore","Denis","8th Battalion North Staffordshire Regiment","9th July 1917","Age 28","Blakemore was the son of the headmaster of Bicton school near Shrewsbury. He initially served in Ireland and then travelled with his battalion to France in 1916. At least two of his brothers also served in the First World War. At 5.40 am on 7th June 1917 he was reported missing as his unit formed up to attack. He was discovered hiding in a shell hole in the rear of the assembly trenches and then formed up, but later was found again to be missing. At his trial he pleaded not guilty and simply said he was too upset to go on with his section. Having previously been found guilty of being absent without leave, and been given a suspended sentence of 15 years penal servitude, a death sentence was almost inevitable. A guilty verdict was recorded and in the early hours of 9th July Denis Blakemore's life came to a sad end. A padre who knew of this soldier failed to inform his family of the circumstances of his death due to the shame it would bring"
"Private","Bolton","Edwards","1st Batallion Cheshire Regiment","14th April 1916","Age Unknown","Edward Bolton, 1st Bn. Cheshire Regiment, executed for desertion 14th April 1916, Plot II. F. 7. A pre-War Regular, he was sent to France in August 1914 & deserted after one month with the BEF.  Bolton was recaptured, being tried for Desertion on 11 August 1915. Sentence  of death was commuted to 10 years’ Penal Servitude, suspended. 3 months later, he was granted leave to return to England, failed to return & was arrested at Ince in Lancashire where he had been working under the name of Cunningham. Returned to France for his second trial, he disputed none of the evidence, giving an account of having originally enlisted in the name of Bolton because he had been in trouble (his real name being Cunningham); of his being treated with contempt in the regiment after his first desertion; & of some effort made to join another regiment when he had been in England.  Bolton asked for another chance, but in vain"
"Private","Botfield","Albert","9th Battalion South Staffordshire Regiment","18th October 1916","Age 28","Albert Botfield was sent to his unit in France in January 1916 but failed to turn up with the rest of his draft. Within three weeks of his active service he was on a charge and was given ninety days Field Punishment No 1 (Where he would be tied up in full view for so many hours a day for the duration). The battalion was a Pioneer unit which would have been used for labouring tasks (Such units were often made up of craftsmen). One such task was building trenches. At 1800 hours on the 21st September 1916 Botfield and a party of others from the battalion were sent forward to assist with trenches near Pozières. By this time the village (Or at least what was left of it) was a reasonable distance behind the lines but the area was still subjected to shelling and as Botfield approached his destination a shell fell near him. His comrades all gave evidence that Botfield simply ran off and could not be found. The work continued without him until 0300 hours without further incident. On returning to their encampment at Bécourt Wood, five kilometres to the rear, Botfield was found to already be in his tent. In the subsequent trial Botfield admitted that he had not attempted to return to the working party having become separated from them during the shelling but had simply returned to his bivouac. With a previous conviction the death sentence was confirmed"
"Private","Bowerman","Willam","1st Battalion East Surrey Regiment","24th March 1917","Age 38","Private William Bowerman (Service Number G/12341) was a British soldier executed for desertion during World War I on 24 March 1917. He was 38 years old. He served with the 1st Battalion, Queen's (Royal West Surrey Regiment), having previously been transferred from the East Surrey Regiment. According to military court records, Bowerman went absent from Rouen. After being arrested, he escaped custody and was initially given a five-year suspended sentence of hard labour. Upon being returned to his battalion in the support trenches, he deserted again within an hour. He was later apprehended at Boulogne. During his court-martial confirmation, authorities noted that he had ""no intention of fighting for his country"". His execution was carried out by firing squad at 5:40 AM at Fosse n° 4, Ferfay, France. Because he has no known individual grave, his name is commemorated on Panels 65 to 67 of the Loos Memorial at the Dud Corner Cemetery in France"
"Private","Brennan","Joseph","1/8th Battalion King's (Liverpool) Regiment","16th July 1916","Age 27","Private Joseph Brennan (Service Number 4567) was a British soldier who was executed for desertion on 16 July 1916 during the First World War. 1st/8th (Irish) Battalion, The King's (Liverpool Regiment).  He went missing while serving on the Arras front in France. Following his apprehension, he faced a military court-martial on 30 June 1916. He was executed by firing squad just over two weeks later at dawn. Private John Sloan of the Royal Lancaster Regiment was executed on the same day at the same location.  He is buried at the Barly French Military Cemetery in France"
"Private","Briggs","Arthur","9th Battalion Notts and Derby's Regiment (Sherwood Foresters)","19th July 1918","Age 27","Arthur Briggs joined the 9th Bn Sherwood Foresters in 1915 and saw action almost from the start.  By 1916 his battalion was caught up in the futile campaign in Gallipoli and it was there that Arthur succumbed to dysentery and was shipped home to convalesce.  At the end of that year he was sent back to France, and left behind an 18 year old pregnant girlfriend and a mother who was totally against any marriage to the girl. Arthur had to wait until the beginning of 1918 to be allowed home on leave to finally get married. He had been granted 7 days leave but at the end of the furlough he did not return to his unit, instead he left for Scotland with his wife and child.  Whist Arthur was ‘absent without leave’ in Scotland he was informed by his mother that his youngest brother Sam had been killed in action - aged just 20. Then only two months later his father Henry died on 26th May 1918. It was only a short time later that Arthur was found and arrested in Edinburgh by military police. Apparently he told the arresting officer 'I was going to give myself up tomorrow!’ He was immediately taken back to France to attend his Court Marshal. He was defended by an officer from 9th Battalion who was a solicitor in civilian life and Arthur admitted to one of the charges - that he had been an ‘overstayer’ on previous occasions, but he did not admit desertion. But the fact that he had disposed of his kit and his uniform, was damning evidence. And army witness statements seemed to suggest he wasn’t up to much as a soldier. So despite his plea to the contrary the Court Martial found that he was guilty of desertion and he was sentenced to death"
"Private","Briggs","James","2nd Battalion Border Regiment","6th March 1915","Age Unknown","Pte James Briggs , 2nd Border Regiment who was  born on 23 Feb 1891 at Red Beck, Eskett, Cumberland and lived in  Frizington, Cumberland until the 1911 census when he is living in Maryport with his mother, Isabella, and brothers, William & John . he had been in the forces prior to the war and that of his own free will volunteered for Service at the out break of war. As his vision of home was in contrast to the terrible oppression of war and in an unguarded moment he left his work at the front and made tracks for home only being caught on the boat at La Havre. He was subsequently court martialled and was shot March 6th 1915. The Rev. then went on to express sympathy to his parents and to squash any rumours he was not a traitor. To conclude he said ""James Briggs was not a traitor. He simply deserted and deserted alone. After this statement I feel sure that our people will think kindly of the dead boy and be filled with sympathy for his parents and other relations""."
"Private","Brigham","Thomas","1/10th Battalion Manchester Regiment","4th June 1918","Age 22","Private Thomas Brigham (often misspelled as Bingham), who was executed by firing squad for desertion on 4 June 1918. Manchester Regiment. He was a pre-war Territorial Army soldier who volunteered for overseas service. He fought in Egypt (September 1914) and survived the brutal Gallipoli Campaign (1915) before being transferred to the Western Front in France in 1917. After enduring years of intense combat, Brigham deserted twice. His final escape resulted in a court-martial conviction for desertion during a highly stressful period of the German Spring Offensive. He was shot at dawn at the age of 22. He is buried at the Warlincourt Halte British Cemetery in Saulty, France"
"Private","Britton","Charles","1/5th Battalion Royal Warwickshire Regiment","12th September 1917","Age Unknown","Charles Britton had deserted at the beginning of the 3rd Battle of Ypres. He was arrested on the 16th August and sent for trial. The fact that he had gone absent just as his unit was sent to the front would have counted against him."
"Private","Broadrick","Frederick","11th Battalion Royal Warwickshire Regiment","1st August 1917","Age Unknown","Private Frederick Broadrick (Service Number 17402) was a British Army soldier executed by firing squad during World War I. He served with the 11th Battalion, Royal Warwickshire Regiment and was shot at dawn for desertion on August 1, 1917. Born in Ladywood and a resident of Winson Green, Birmingham. He initially served in the West Yorkshire Regiment in 1914 but was discharged after 56 days for insubordination. He was conscripted in March 1916 and joined the Royal Warwickshire Regiment. He had multiple disciplinary infractions, including detention for using obscene language and overstaying his pass. He deserted on November 12, 1916, and was sentenced to death in February 1917, but this sentence was commuted to ten years' penal servitude (suspended) and he returned to duty. He deserted again on July 1, 1917, and was subsequently executed. He is buried at Dranoutre Military Cemetery"
"Private","Brown","Archibald","10th Battalion Royal Highlanders (Black Watch)","1st June 1917","Age Unknown","Private Archibald Browne (often spelled Brown) was a British soldier executed for desertion during World War I. He was shot by a firing squad on 19 December 1914 at the age of 26. He served with the 2nd Battalion, Essex Regiment. On 19 November 1914, Browne was ordered to escort a sick soldier back to a starting point but never returned. Five days later, French authorities apprehended him in Hazebrouck. He had abandoned his uniform, broken into a local home to steal civilian clothing, and rifled through drawers. He was tried by a Field General Court Martial for desertion, housebreaking/plunder, and escaping custody after a brief getaway from his guards. The court martial took place in early December 1914. He was found guilty and sentenced to death. He has no known grave and is commemorated on the Ploegsteert Memorial in Belgium"
"Private","Browne","Archibald","2nd Battalion Essex Regiment","19th December 1914","Age 26","Private Archibald Browne who was with the Second Essex Regiment. He lived in Ingatestone with his mother and was part of the regular forces. In November 1914, he deserted, and was caught in Hazebrouck by a gendarme, whilst in local French clothes. He was arrested and taken to the military police and returned to the Second Essex to await a court martial. This was carried out in Nieppe on 5th December 1914."
"Private","Bryant","Ernest","10th Battalion Cheshire Regiment","27th October 1917","Age 33","Private 20101 Ernest Bryant, 10th Battalion, Cheshire Regiment, was executed for desertion 27th October 1917, aged 33. Plot VI. H. 3. A “Gentleman’s Servant” in civilian life, he was wounded in both legs early in the Somme offensive. On return to his unit, he made off during training exercises, but was arrested 4 days later in Boulogne.  On again being returned to his unit, Bryant again absconded just before going into the line.  When arrested in Bailleul 9 days later, he gave false particulars of identity."
"Private","Burden","Herbert","1st Battalion Northumberland Fusiliers","21st July 1915","Age 17","Herbert Francis Burden (22 March 1898 – 21 July 1915) was a soldier in the British Expeditionary Force during the First World War. Born in 1898 in Lewisham, south-east London, Burden is generally accepted as having lied about his age in order to enlist at the age of 16. Having joined the 1st Northumberland Fusiliers, he soon deserted, returned to London and joined the East Surrey Regiment, whom he also soon deserted. Rejoining his old battalion, he was sent to France when the army believed him to be 19 years old. Having already gone absent without leave (AWOL) from his unit on multiple occasions, he left his post once again the following month—he said to see a friend in the neighbouring regiment with whom he had served in 1913—but he was arrested and accused of desertion. Normally, Burden's age would have spared him from execution (no juvenile offenders had been executed in Britain since 1889). However, since Burden had lied about his age in order to enlist, his superiors were under the impression that he was an adult. Found guilty, Burden was executed by firing squad two days later aged 17."
"Private","Burrell","William","2nd Battalion Royal Sussex Regiment","22nd May 1916","Age 21","Shot at Dawn for desertion. Burrell had enlisted in 1914 before war had commenced. In November 1914 he was shipped to France and the 2nd Bn Royal Sussex. In January 1915 whilst serving near Cuinchy he went absent. He was captured and sentenced to death. The sentence was commuted and Burrell was sent to prison on 7th May 1915. It became the procedure that these sentences would become suspended in order not to deprive the Army of men who would otherwise be sitting out the war in a safe cell (That these men were quite probably unreliable and had already shown that they didn’t want to be at the front was not taken into account). Burrell was released on 4th April 1916 and sent back to his battalion who were in trenches at Loos. He went absent again within a few weeks."
"Private","Burton","Robert","6th South Lancashire Regiment","19th February 1917","Age Unknown","Private Robert Burton (Service Number 10912) of the 6th Battalion, South Lancashire Regiment, was executed by firing squad during World War I on February 19, 1917. He was executed in Mesopotamia (now Iraq) for falling asleep at his post (sentinel duty), alongside Private Thomas Downing. The execution was carried out at the insistence of General Maude, the Commander-in-Chief, who turned down a request for mercy from the men's Commanding Officer. Private Burton is listed on the Basra Memorial to the Missing"
"Private","Butcher","Frederick","7th Battalion East Kent. Regiment (The Buffs)","27th August 1918","Age 26","Private Frederick Butcher had enlisted in the East Kent Regiment in October 1915, before serving on the Western Front in 7 Battalion, part of 18 Division. Few details (that can be verified with absolute accuracy) have emerged about the soldier’s offence. However, a newspaper report, written by a doctor who had served in the RAMC, was published a year after the execution. It contains a number of clues which suggest that the individual described was Private Butcher. ‘I shall call him Jim. He had been out three years. He had been wounded, but he was wounded at a time when the wounded were cared for in France and were back in the line in six weeks. There was nothing about Jim which attracted special attention. He was the average happy-go-lucky sort of a lad who did the day’s work in the average way. War had become normal to him, and he had settled down to that fatalism which characterised so many of our men when they said, “I f it’s to be it will, and if it ain’t it won’t.” ‘As if he had suddenly been hit in the mind, he stood stock still one night and point blank refused to go over with a raiding party. In an instant he became a marked man. His comrades could not quite determine whether it was bravery or idiocy. Perhaps some string had snapped, something somewhere had gone wrong, but Jim just refused. He was exceedingly nervous, but such a breach of discipline was in itself sufficient to account for that. By the time he stood on the mat before the Court he had partly regained his normal composure, but the seriousness of the situation had washed away the colour from his face, and there was a dull leaden look in his blue eyes. ‘His record saved him. It was good and his judges tempered judgement with mercy and consideration. He had had many platoon commanders – many captains, and with all he had done his bit. The Court gave him a chance. He made no excuse whatever, but when asked the question, he promised that it would not occur again. ‘A week later it did occur again, and the next court sentenced him to death. Blindfolded, with his hands tied behind him, he was to be shot at dawn the following day. ‘From the death sentry Jim learned the names of the officer and men who were to send him West next morning. They were all his friends. Two or three officers who had known him for years went into the death hut and said goodbye. Somehow, none of them could quite catalogue Jim as a coward. The sentry saw some men hovering around, and gauging the situation by intuition, turned his back, while through the open window old pals whispered, ‘Au revoir, Jim’ … ‘Terrible things happen in war, but nothing perhaps is more terrible than to send one of your own out of life when you are not quite sure whether he is a coward or a martyr. The world will never know the real truth. There was no psychologist there to give an opinion. Even if there had been it might not have altered the course of events. Discipline even then might have won an unfair victory over science. ‘In the mechanism of Jim’s mentality a cog slipped and the wheels revolved irregularly. From what the CO and Jim’s pals told me I am fully persuaded that Jim died as a martyr to discipline … ‘Jim was blindfolded, his hands were bound together behind him, as he stood there, calm and steady as a rock, the orders were given. “Good-bye sir – Good-bye boys!”, he said, just as if he were off on 10 days furlough. There was no reply. The subaltern was choked with emotion and the firing squad, as heartrent as he, dared not reply. The sharp crack of a volley, smothered sighs of relief from the squad, and all was over – all save laying him beneath the soil of France. And there, where Jim lies, there shall remain for ever a little bit of England.’ The reason for the appearance of the doctor’s article in the press arose because of a question raised in the House of Commons. Colonel L Ward had sought an undertaking from the Secretary of State for War that no distinction would be made between those soldiers who died honourably, and those executed for military offences. In the case of Private Butcher it mattered not, for after the war the soldier’s grave was not identified. Colonel Ward had made his request during the debate on Army estimates and made some interesting observations. He stated that: ‘In the early winter of 1914, it was my unfortunate duty to sit on a court martial at which five men were sentenced to death … during the whole sitting of that court I had the uncomfortable feeling that, even with my limited knowledge of the law, I could have got those men off on a technicality if I had been in a position to act as their friend … They were not cowards in the accepted meaning of the word …’ In the case of Private Butcher the official notification, covering up the true cause of the soldier’s death, was sent to his mother who lived in Folkestone. After the war the town commenced to commemorate its dead, and details were requested from the bereaved. Mrs Butcher complied, stating that her son had been killed in action, and she requested one of the municipal Certificates of Glory. The commemorative scroll was issued by the Borough of Folkestone to the next-of-kin of those killed – should they so request such an issue. Mrs Butcher opted to have one. Consequently, on Folkestone’s War Memorial appears the name of F C Butcher. The memorial is very appropriately located at the top of the ‘Hill of Remembrance’, down which marched countless thousands of soldiers who embarked from the port, many never to return."
"Private","Byers","Joseph","1st Battalion Royal Scots Fusiliers","6th February 1915","Age 17","Pte Byers had been sent to collect coal for the fires but didn't come back. He was arrested by a French policeman and handed over to the British authorities as a deserter. His trial was swift. He pleaded guilty and was sentenced to be shot to death."
"Private","Byrne (Aaka Monaghan)","Stephen","Royal Dublin Fusiliers","28th October 1917","Age 30","Private Michael Monaghan’s conduct sheet indicates a few small infringements (being dirty on parade twice and missing parade) between his enlistment in January 1916 and his subsequent arrest and courts-martial for desertion in October 1917. At his court-martial on 12 October 1917 Private Monaghan was charged with wilfully absenting himself to avoid service in the front line on 5 August, and also with escaping following his arrest on 22 September. Evidence heard that the accused was told along with the rest of his battalion to prepare for moving forward to the trenches. When called for parade later in the day Monaghan was absent. In his defence he stated that on the morning of 5 August he had felt very unwell with rheumatic pains in his head and feeling very cold and ill, he lay down in a hedge and slept. When he awoke he found his battalion had left, so he wandered around looking for them, afraid to report himself for fear of what may happen. The accused was found on 9 September by the French. On the charge of escaping while in custody, the court heard allegations that Private Monaghan and other prisoners went to the canteen on 22 September and did not return. In his defence he stated that he had gone to the YMCA hut and had his feet dressed there before reporting back the following day. A Captain Kelly testified that he may have treated Private Monaghan prior to 5 August for pains in his head, but stated that had he been unfit for duty he would have been sent to hospital. In mitigation, Private Monaghan stated that he had been over the top previously in 1917 with another battalion before his transfer to the RDF. He had been suffering with bad eyesight, and stated that in the afternoons he could sometimes not see at all. Glasses did no good for his condition. Private Monaghan was found guilty on both charges, the sentence was subsequently confirmed and he was executed on 28 October 1917."
"Private","Cairnie","Peter","1st Battalion Royal Scots Fusiliers","28th December 1916","Age Unknown","Private Peter Cairnie (also recorded in military court records as William Cairnie) was a British soldier executed for desertion during World War I on 28 December 1916. He served with the 1st Battalion, Royal Scots Fusiliers. He is identified by the service numbers 40806 (and previously 3942). Cairnie deserted his post to avoid participating in a specific military assault at Serre. At the time, the area had been an objective for his battalion for over three months, resulting in heavy casualties under appalling conditions. He was tried by a Field General Court Martial, where documents list him under the name William Cairnie. However, his official military medal card confirms Peter and William were the same person. He was executed by firing squad. While his exact execution and burial site are unknown—believed to have been lost in subsequent fighting around Courcelles—he is officially commemorated on Pier and Face 3 C of the Thiepval Memorial to the Missing in France. His name is inscribed on the memorial as W. Cairnie"
"Private","Cameron","John","Fusiliers 1/5th Battalion Northumberland","4th December 1916","Age Unknown","Private John Cameron of the 1st/5th Battalion, Northumberland Fusiliers, was executed by a British military firing squad for desertion during World War I. He was shot at dawn on 4 December 1916. Private Cameron was convicted of desertion under military law. He had served on the Western Front in France for exactly one year when he went absent. Before going missing, his unit had been involved in heavy, sustained combat during the Battle of the Somme. Records indicate he was previously a soldier of good character, suggesting that the mental and physical toll of the battlefield likely triggered his actions. He was captured hiding out in civilian clothing. His grave is located in Plot 2, Row A, Grave 7 at the Ribemont Communal Cemetery Extension in the Somme department of France"
"Rifleman","Card","Edward","20th Battalion King's Royal Rifle Corps","22nd September 1916","Age 23","Card had already received a year’s imprisonment with hard labour for an offence of desertion and during a period in the front line on the Somme in 1916 he went absent again. He was captured within 24 hours at Amiens. He was brought to trial on the 9th September after the unit had moved away from the Somme and executed in the abattoir."
"Private","Carey","Joseph","7th Battalion Royal Irish Fusiliers","15th September 1916","Age Unknown","Private Joseph Carey, 7th Bn. Royal Irish Fusiliers executed, 15th September 1916 for desertion. Plot 2. C. 86. Husband of May Carey, of 4 Julian's Place, Mayor St., Northwall, Dublin. During his 7 months’ service on the Western Front, he had twice gone absent to avoid serving in the trenches."
"Private","Carr","James","2nd Battalion Welsh Regiment","7th February 1916","Age Unknown","Private James Grist Carr was a British soldier executed for desertion during World War. 2nd Battalion, Welsh Regiment (1st Division). February 7, 1916. Records indicate the circumstances surrounding his alleged desertion were considered ""vague"" or ""sketchy""."
"Private","Carter","Harold","73rd Battalion Canadian Expeditionary Force","20th April 1917","Age 23","On 26 March 1894 in Toronto, Ontario, Harold George Carter enlisted in the 59th Battalion in March 1915. In January 1916, he was charged with going AWOL. The Battalion was disbanded upon reaching England at the end of 1916, and its troops were used to re-man other units who had taken high casualty rates during the war. Carter was transferred to the 73rd Battalion, part of the 4th Canadian Division. He was again found AWOL, during the September Battle of Flers-Courcelette, and was found guilty of desertion and sentenced to death. His sentence was commuted to 10 years' imprisonment. After serving six months, his sentence was suspended, and he was re-attached to his unit on March 16, 1917. Within three weeks, Carter once again went AWOL, this time just before the Battle of Vimy Ridge, eluding military police for five days before being re-captured. He was court-martialled and found guilty of desertion. Sentenced to death, Carter was executed by firing squad on 20 April 1917."
"Private","Carter","Henry","11th Battalion Middlesex Regiment","26th April 1916","Age 18","Private Henry Carter, 11th Bn. Middlesex Regiment, executed for desertion 26th April 1916, aged 18.  He deserted & was sentenced to l0 years’ imprisonment, which was then suspended — but soon repeated the offence."
"Private","Cassidy","James","1st Battalion Royal Inniskilling Fusiliers","23rd July 1916","Age Unknown","Private James Cassidy was serving with the 1st Battalion of the Royal Inniskilling Fusiliers when he was reported missing on the 24th June 1916. On 30th June, Private Cassidy was apprehended by the French authorities and handed over to the British military police. In his defence Pte Cassidy stated that on the morning he went missing he went to the latrine and while there a shell exploded beside him, covering him with clay. He got nerve shock and for a couple of days he wandered around dazed before being picked up by the French. Private James Cassidy was executed on 23rd July 1916. At the time of his death, his mother was employed at the Police Barracks in Toome, County Antrim where he originally came from."
"Private","Chase","Herbert","2nd Battalion Lancashire Fusiliers","16th June 1915","Age 21","Pte Chase 2 Lancashire Fus. was tried by FGCM on 15.12.14 for (1) when on active service absenting himself without leave (26/8/14)  (2) when on active service and under arrest escaping (18/10/14) . He was found guilty of both charges and sentenced to 3 years Penal Servitude which sentence was commuted to 2 years H.L by G.O.C 12th Inf. Brigade. He was released from military prison in the field at ROUEN on 6.5.15 under suspension of sentence act. Following a further desertion, the proceedings were promulgated. The sentence was carried out at 4.30am on the 12th June 1915 at San Sixtus"
"Rifleman","Cheeseman","Frank","18th Battalion King's Royal Rifle Corps","20th October 1917","Age 29","Rifleman Frank William Cheeseman 14th Battalion Kings Royal Rifle Corps – Executed (Shot at Dawn) 20th October 1917. Frank was born in Redhill in 1888 and was baptised at St Johns Church in 1901 he was living with parents at 5 Ladbroke Road and was working as a Newspaper deliver."
"Private","Clarke","Hubert","2nd British West Indies Regiment","11th August 1917","Age Unknown","Hubert Clarke was already in Kantara Field Punishment Centre, near Port Said, when there was a disturbance and Clarke hit the approaching NCO in the face when the latter was on the ground he then proceeded to batter him with a three foot length of wood. A Lance Corporal went to help him and he drew a razor on him and slashed him across the abdomen and it took all the strength to keep the intestines from spilling out. He was duly shot for attacking and striking two superior officers"
"Private","Clarke","Wilfred","2nd Battalion Durham Light Infantry","9th February 1918","Age 23","He was found guilty of “Deserting His Majesty’s Service” all prior service on conviction of Desertion, service to reckon from 8th November 1916. He was sentenced to 10 years’ Penal Servitude which was  suspended, and his death sentence commuted by the F.G.C.M., dated 8th November 1916. Wilfrid returned to the Battalion on the 15th November 1916. On the 23rd January 1917, whilst in the field he left a working party without permission. Field Punishment No 1 was his sentence. On the 23rd April 1917, whilst in the field he quit his post. 11th of May 1917, he was again absent. He then deserted from the field around the 17th October 1917, about 2 hours before departure for the trenches. He was found by Military Police at Calais and arrested. Field Marshal Lord Haig signed with his green inked fountain pen approving the death sentence. He was shot by Firing squad at 6.42am, for desertion on the 9th February 1918."
"Private","Collins","George","Lincolnshire Regiment 1st Battalion","15th February 1915","Age 20","Private, George Ernest Collins, 9618, 1st Bn Lincolnshire Regiment, executed for desertion 15th February 1915, aged 20. Plot 1. B. 3. Loker Churchyard, West-Vlanderen, Belgium. He was the son of James and Charlotte Collins, of 2, West Dock Street, Hessle Road., Hull. His death was reported in the Hull Daily Mail on 15/02/1916."
"Private","Comte","Gustave","22nd Battalion Canadian Expeditionary Force","3rd July 1917","Age 21","Gustav Comte Facing a life of death day in day out, it’s no surprise Gustav Comte went AWOL during the First World War. Comte was a Canadian soldier born in Montreal in 1895. He enlisted in the army during the First World War and was posted to France. While on the way to the trenches in early April 1917, Private Comte went missing and his fellow soldiers went onto attack Vimy Ridge without him. He was eventually arrested six weeks later at the base port of La Havre, where Comte was accused of trying to leave the country and court-martialled. The Canadian was found guilty of desertion and sentenced to death by firing squad, one of 23 Canadian soldiers shot at dawn during WW1, aged roughly 22"
"Private","Crampton","James","9th Battalion York and Lancaster Regiment","4th February 1917","Age Unknown","His court martial took place on 23 January 1917. Five witnesses appeared for the prosecution, including the other soldier sent to assist the Royal Engineers and the man who apprehended Crampton. Though he did not speak in his own defence, another man from the battalion stated he believed that Crampton had ‘gone in the head’. The suggestion was enough for Brigadier General responsible for the Battalion to recommend mercy if a medical examination found Crampton was mentally unsound. However, doctors from the Royal Army Medical Corps found Crampton of sound mind, and so the penalty of death by firing squad was confirmed. In the early hours of 4 February, 40-year-old James Crampton was taken the short distance from the cells at Poperinge Town Hall, into the building’s courtyard, where the sentence was carried out"
"Private","Crimmins","Herbert","18th Battalion West Yorkshire Regiment","5th September 1916","Age 32","During June 1916 Privates Herbert Crimmins and Arthur Wild, aged 32 and 24 respectively, were acting as ration carriers in the 18th Battalion, the West Yorkshire Regiment (2nd Bradford Pals) on the Somme. At around midday on the eve of the battle, all ration carriers were warned not to leave the camp at Bus les Artois. Unwisely, Crimmins and Wild disobeyed that order, and at around 2pm crept out to one of the local estaminets. They had not returned by 4pm, when the officer responsible for them received the order to march to the front line two hours later. After staying in the estaminet until it closed for the afternoon, they went to sleep in a nearby cornfield, waking at dusk. Too frightened to return to their battalion immediately, they moved around the Somme rear area for three days, finally handing themselves in on July 4. That meant they missed the attack on Serre, and were both charged with desertion, their court martial taking place on August 21, 1916. It is not clear whether they were represented at the hearing - nor is the extent to which two crucial pieces of evidence were challenged. An NCO testified that before they went to the estaminet, he told them to be ready to go to the front line trench are at 5.45pm. If that was true, it could be argued that they had deliberately intended to avoid the impending action. This was a significant point, given that General Sir Douglas Haig, commander-in-chief of the British Expeditionary Force, subsequently stated that notwithstanding the rule which permitted the absolute penalty for any man absent without leave, men would only be executed if they deserted deliberately. It was probably this allegation of deliberate desertion that sealed their fate, and it is perhaps no surprise that on seeing it, the 93rd Brigade’s commander John Ingles, and eventually Haig, recommended the death sentence. The two men were shot by firing squads on September 5, 1916"
"Rifleman","Crozier","James","9th Battalion Royal Irish Rifles","27th February 1916","Age Unknown","n the winter of 1915-16, James Crozier fought with the 26th (Ulster) Division at the Somme. In February 1916, however, he failed to report for duty. He was found behind enemy lines a week later, wandering in a daze. Being declared fit in mind and body by an army doctor he was court-martialled for desertion and subsequently sentenced to death. Frank Crozier, the officer who assured James' mother he would keep safe, provided a recommendation that the death sentence should be carried out and on February 27, 1916, after being plied with alcohol throughout the previous night, 18 year old James Crozier, unable to stand, was tied to a post, blindfolded and shot by a firing squad made up of soldiers from his own unit."
"Private","Cummings","Thomas","1st Battalion Irish Guards","28th January 1915","Age Unknown","Thomas Cummings and Private Albert Smythe had each served for a number of years before the war. Their battalion, which had been in action continually since Mons, was fighting in the Ypres Salient when in November 1914 the two men deserted, a French woman had been harbouring the men. The duo had been unearthed by the Military Police during a raid on a barn. After the trial the battalion commander added his comments to the proceedings, stating that Cummings was an excellent soldier, but that Smythe’s reputation was disappointing. Nevertheless, both sentences were confirmed – and subsequently carried out on 28 January. The familiar notification soon appeared in General Routine Orders. Neither man’s grave was found after the war and both men are commemorated on Le Touret Memorial."
"Private","Cunnington","Samuel","2nd Battalion Royal Warwickshire Regiment","19th May 1917","Age 20","In January 1914 Private Samuel Cunnington had enlisted into the Royal Warwickshire Regiment. His service in France had not been without blemish, as on the 21 January 1916 he had been tried by District Court Martial for desertion – and sentenced to 28 days’ detention. Six months later, as the 2nd Battalion moved up to take part in operations on The Somme, the soldier went absent. With considerable luck he enjoyed his freedom until the end of the year. In yet another puzzling case, no reason is evident to explain why Cunnington was not brought to trial until 29th April 1917. Seemingly, the only likely possibility was the soldier had escaped before an earlier trial could be held. This suggestion arises because the miscreant was charged with two further offences of desertion. In what was a very unusual occurrence at a court martial, a French woman gave evidence for the prosecution. She told the court that the accused had lodged for some time in a hut near her house. With the soldier being in uniform she had often given him food. As time progressed doubts began to cross her mind, leading to the woman and her husband reporting the facts to the police. Private Cunnington had a previous conviction for desertion, but on that occasion he had received a lenient sentence. It is therefore surprising that he chose to be unrepresented at his trial. Clearly he must have sensed the gravity of his offence, having been absent for so long. Nevertheless his choice suggests that the soldier sensed, or did not care, what fate awaited him. The unlucky soldier, aged just 20, was shot at 6am on the 19th of May. (From ‘Shot at Dawn’, written by Julian Putkowski and Julian Sykes)"
"Private.","Cuthbert","James","9th Battalion Cheshire Regiment","6th May 1916","Age 20","James was born in the June quarter 1898, the son of George (Tinsmith) and Edith Lucy (née Edwards) Cuthbert. He had an older brother, George, and  6 younger brothers and sisters, John, Annie, Rose, Thomas and Edith. In 1901(Census RG 13/3804) the family were living at 61 Webster Street, Oldham, Lancashire. They were at the same address 10 years later (1911 Census RG14/24517) and James was working as a “Cotton Mill Piercer“. The ‘Register of Soldiers’ Effects‘ show that an amount of £1 17s 10d [£1.89 – equivalent to about £210 today – 2023] was returned to James’ father in September 1916. Military Service: The 9th (Service) Battalion was formed at Chester on 13 September 1914 as part of Kitchener’s 3rd New Army and came under orders of 58th Brigade, 19th (Western) Division. After training the Battalion was posted to France and on 19th July 1915 landed at Boulogne. James’ Medal Index Card shows he joined the Battalion on 19th December 1915. James was tried by court martial number 6078 along with Pte. 6758 John Dineen and Pte. W. Bate. He was shot at 4.45 am on 6th May 1916. It was as clear a case as any in which a man was shot as an example to others. ‘I regard this as a case where an example is necessary‘, the Commander of the First Army wrote, ‘this man deliberately refused to obey an order owing to the element of danger attaching to it- I recommend the Sentence should be carried out in all Three Cases.’ He was shot as an example to others, yet came from a Battalion in which discipline was said to ‘be good‘. As his birth record shows he was only 18 when he was executed, not 20 as stated"
"Private","Cutmore","George","2nd Battalion Royal Highlanders (Black Watch).","25th July 1917","Age Unknown","Cutmore had a bad record and his crime sheet covered three pages, showing that Cutmore had enlisted in April 1915 and had been in trouble ever since. Most of the entries were for minor offences — dirty on parade, dirty 'committing a nuisance in the barrack room', but in March 1916 he had gone absent in the UK for nine days after breaking out of camp. He also had three charges of Losing by neglect his kit value 23/9. The length of Cutmore's absence was taken as proof of intention to desert and to miss active operations, and he was sentenced to death. The views of the army commanders are interesting, Lt Gen. Hobbs, GOC Ist Indian Army Corps, suggested that Pte Cutmore's bad record implied that his absence arose from a disinclination to work rather than cowardice, and therefore sentence should be commuted and suspended. On the other hand, a letter from the DJAG to Corps HQ says: The Army Commander has confirmed the Finding and Sentence as he considers that this is a clear case of constructive desertion.' He went on: ""The fact that the Black Watch has gained for itself such a brilliant record during this campaign would appear to the Army Commander to render it particularly desirable that such an unworthy member of the Regiment be removed from its ranks? 'The message is clear: not only is Pte Cutmore guilty, he is an undesirable that the army would like to dispose of. As in other cases, an expendable man has been selected for the firing squad, not in this case as an example to his battalion, but so as to not weaken it as a fighting unit by having worthless men in the ranks. Pte George Cutmore, who may have spent his last hours regretting his impulse to enjoy his winnings, was shot at 5 a.m. on 25 July 1917, on the left bank of the Tigris at Samarrah. (Blindfold and Alone Cathryn Corns & John Hughes-Wilson)"
"Private","Dalande","Hector","8th Battalion Seaforth Highlanders","9th March 1918","Age Unknown","Private Hector Dalande (S/9696), a native of Montreal serving with the 8th Battalion, Seaforth Highlanders, was executed for desertion during World War I on March 9, 1918. Dalande served in the British Army and was part of the 8th Bn Seaforth Highlanders. He was convicted by court-martial of desertion and sentenced to death.  While the general practice was ""shot at dawn"" by firing squad, some sources, including geni.com mention him under a list that includes both hangings and firing squad, though he is listed alongside others executed for desertion."
"Private","Davies","Richard","11th Battalion Notts and Derby's Regiment (Sherwood Foresters)","15th November 1917","Age Unknown","Private Richard Davies had enlisted in the Northamptonshire Regiment in 1915 and had been sent to the Western Front in November of that year as a reinforcement to 7 Battalion, which had landed two months previously. At an unknown date Private Davies had been transferred to the Sherwood Foresters, who, in the summer of 1917, were serving in Belgium. Davies’ battalion, 11 Foresters, were in action on the first day of the Battle of Messines, where, on the extreme left they had a stiff fight at Mount Sorrel. At the end of September the battalion was again heavily engaged, this time near Tower Hamlets on the Menin Road. The Foresters were holding newly captured ground when the enemy counter-attacked, using flamethrowers. It is not known when Private Davies deserted, but during the month of October the unit did alternate duty in and out of the line. Davies was a bad character, already being under a suspended sentence of death for a similar offence, and on 15 November 1917 he was shot at Wizernes, near St Omer, just a short while before his division – the Twenty-Third – went to Italy."
"Private","Davis","Thomas","1st Munster Fusiliers","2nd July 1915","Age Unknown","Thomas Davis was serving with the Ist Battalion of the Munster Fusiliers, which had taken part in the original landings at Cape Helles in April 1915 and had taken heavy casualties - so much so, that for a short while they and another depleted unit, the 1st Battalion Dublin Fusiliers, were amalgamated into a combined unit, the Ist Battalion 'Dubsters'.! On 20 June 1915 Pte Davis had been posted as a headquarters guard at 1 a.m. for a two-hour tour of duty. At 2.30 a.m. L Sgt Bradshaw had checked the post and found Davis missing: After searching for him unsuccessfully, he posted another guard. Neither Bradshaw nor Pte Borleigh, who was on duty from 3 to 5 a.m., saw Davis again until sometime between 5 and 5.15 a.m. At his trial Davis was not defended and did not contest the evidence. In his defence he made a statement to the court (which consisted of two captains and a lieu tenant, no field officer being available to act as president). Davis said that he had been posted as a flying picket around headquarters and at 2.15 a.m. he had sudden stomach cramps and had to use the latrine. He said that he was there about two hours and as he was leaving he had a further attack, The court decided not to believe Davis's version of events and sentenced him to death. Under other circumstances, given the prevalence of dysentery on the peninsula, his story might have been given more credence, but his previous offences counted against him. Pte Davis was shot on Gully Beach on 2 July 1915. (Blindfold and Alone Cathryn Corns & John Hughes-Wilson)"
"Private","Dagasse","Arthur","22nd Battalion Canadian Expeditionary Force","15th March 1918","Age 31","Arthur Charles Dagesse was born in New Bedford MA in 1886. On 23 September 1914, one month after the outbreak of war, Dagesse enlisted in the Canadian Expeditionary Force (CEF) under the name Dagasse. His conduct as a soldier started badly and continued in poor fashion, with no fewer than fifteen convictions, thirteen for absence and two for drunkenness. On 4 April 1917, just before his unit's participation in the Vimy Ridge attack, Dagesse went absent until his arrest in Paris on 29 April 1917. While awaiting trial for this offence, Dagesse escaped custody and remained absent for five months before being re-arrested in Paris on 4 October 1917. When he was arrested for the second time, Dagesse was wearing the uniform of a Sergeant in the Royal Army Medical Corps (RAMC). Following his court-martial on 26 February 1918, Dagasse was found guilty of two counts of desertion and sentenced to death. At 06:37 on 15 March 1918, Dagesse (aged 31) was executed by firing squad. His remains are now located in Lapugnoy Military Cemetery, Plot VIII, Row B, Grave 8"
"Private","Delargy (aka Delargey)","Edward","1/8th Battalion Royal Scots","6th September 1917","Age 19","Delargy was reported 'missing' on 15th Feb 2017 having been sent to the front in January according to a newspaper report in the Fifeshire Advertiser 07 April 1917. He was executed for desertion on 6th September 2017. The medal record card simply says 'Shot for desertion' whereas another report in the Fifeshire Advertiser does not mention his execution - although reading between the lines and knowing that, it might be considered obvious."
"Private","Delisle","Leopold","22nd Battalion Canadian Expeditionary Force","21st May 1918","Age 25","Private Léopold Delisle (Regimental Number 416874) was a 25-year-old Canadian soldier executed by firing squad during World War I. He served with the 22nd (French-Canadian) Battalion, often known as the ""Van Doos"". Delisle was convicted of desertion by a court-martial after failing to report for duty when his unit was ordered to stem the German advance on Arras, France. He was executed by firing squad at 04:24 on May 21, 1918. His remains are buried in the Bellacourt Military Cemetery, Plot II, Row J, Grave 6. Delisle had a history of disciplinary issues before the incident that led to his execution. His conduct sheet indicates several offenses between 1915 and 1917, including refusing to obey orders, drunkenness, insubordination, and striking a superior officer. Delisle was one of the 25 Canadians executed by the British/Canadian military during the First World War"
"Private","Dennis","John","1st Battalion Northamptonshire Regiment","30th January 1916","Age 19","At 7.10am on 30 January 1916 John was executed by a firing squad of 10 men from the battalion. The battalion War Diary recorded that it was thought to be the first execution in the regiment since Peninsular War days. On that day the diary also notes that Haigh made a surprise visit to the battalion, complimented the Regimental Guard and had a talk with one of the companies before leaving. Maybe just trying to steady the troops after having one of their own shot! He is buried at Lillers Communal Cemetery. John James joined the 1st Battalion Northamptonshire Regiment. He was a re-enlisted man, with about 13 years’ previous service. In May 1915 the Regiment was involved in the Battle of Aubers, in the Artois region of France. The Regiment took on recruits and moved North to ready itself for what was to be The Battle of Loos in September 1915. On 18 September 1915, at Burbure, Dennis was present at a kit inspection, prior to a move to the trenches a few days thereafter, but was missing at roll-call on 20 September. He was found on 11th November at a farmhouse at Bas Rieux and arrested.  At trial on 3rd December 1915, the evidence was not contested. Dennis, on oath, denied knowing of the intended move to the trenches, spoke of reporting sick on 20 Sept, of going for a walk, but getting lost and of making some effort to find his regiment. He said that all the heavy shelling had affected his mind, something the court did not accept.  After conviction and sentence, his CO wrote that Dennis had served only 3 months with the battalion and was ‘useless from a military point of view’. However Judge Babbington had stated at the trial that Dennis was of previously good character.  Dennis became the first man to have his death sentence confirmed by Haig, now Commander In Chief. The delay of fifty-eight days between verdict and execution was the longest for any condemned man during WW1, during which time he remained with his unit. At 7.10am on 30 January 1916 John was executed by a firing squad of 10 men from the battalion."
"Private","Depper","Charles","1/4th Battalion Royal Berkshire Regiment","13th September 1916","Age 30","Private Charles Depper had been sent to the Western Front as a reinforcement to 1/4 Battalion Royal Berkshire Regiment – a Territorial unit in 48 Division. Early in August 1916 he had deserted his comrades, prior to an attack on the Somme. Leaving his rifle and equipment in the reserve trenches at Ovillers, Private Depper made his way to Amiens, only to be arrested the same day. General Routine Orders stated that he had deserted with the intention of escaping to England, an admission made by the defendant, although the soldier’s chances of realising such a goal were minimal. Foolishly Depper had told the Military Police that he was on his way to Rouen to catch the boat for England. The reason for his disaffection was that he was tired of serving in the trenches. On 14 August Depper’s battalion was involved in an unsuccessful attack and just over two weeks later the private was court martialled. When the Commander-in-Chief’s decision became known the unit was resting in the village of Beauval near Doullens. The battalion diarist recorded the offence, finding, and administrative details. At 6.10 am on 13 September, a wet morning, ‘the execution was witnessed by 40 men of the battalion under the command of Lieutenant Hampshire the orderly officer of the day’. At a parade just after midday on the following day the commanding officer promulgated the sentence to his men. Whilst it hardly seems likely that news of the execution had not spread throughout the battalion, it is possible that full details of the actual offence were not known to the ranks, until disclosed during promulgation."
"Private","Docherty","John","9th Battalion Royal Highlanders (Black Watch)","15th February 1916","Age 28","The first Kitchener Volunteer to be executed. John Docherty had enlisted early in 1915. He went absent in January being captured the following day by the Military Police. A medical examination failed to go as far as saying he was suffering from shellshock. Docherty was informed at 1845 hours on the 14th February that his sentence had been confirmed and would be carried out the following morning (At 0712 hours according to the War Diary)."
"Private","Docherty","Thomas","2nd Battalion King's Own Scottish Borderers","16th July 1915","Age Unknown","Private Thomas Docherty was a British soldier executed for desertion during World War I. Service number 11599, serving in the 2nd Battalion, King's Own Scottish Borderers. He had previously served at the Battle of Mons. While under a heavy bombardment in the front line at the Ypres Salient, Docherty left his post. He evaded duty for three months before being arrested, effectively avoiding some of the sector's worst fighting. At his court-martial, Docherty claimed that he had lost his memory under the intense fire and must have wandered away in a daze. His explanation was rejected. He was executed by firing squad at dawn on 16 July 1915. He is buried at the Perth Cemetery (China Wall) in Ieper (Ypres), Belgium"
"Rifleman","Donovan","Thomas","16th Battalion King's Royal Rifle Corps","31st October 1917","Age 20","Rifleman Thomas Donovan was a conscript serving in 16 Battalion, also known as the Church Lads Brigade. The soldier’s conduct, however, was far from angelic, and after the end of the Battle of the Somme he was convicted of desertion, receiving a sentence of six months’ detention. 18 months later, whilst again serving on the Somme, Donovan went missing only to be arrested shortly afterwards in Amiens. Three days after his conviction for this offence the rifleman escaped from the guardroom, being arrested in the same city over a month later. Although the prisoner was safely returned to his battalion, which was now serving in the northernmost sector of the Western Front, the Londoner escaped once more on 22 August. He attacked his guard and threw him to the ground before gagging and tying him up. It had been some time since an escapologist of such skill had successfully fled military custody, but his freedom was short-lived. On 1 September the deserter was arrested, masquerading as a Belgian labourer. A six week delay followed before he was brought to trial; quite why it took so long is not clear. Eventually the trial was held on 17 October when the 20 year old told the court that his sister had begged him to return home after two of his brothers had been killed on the Somme. Of course it was difficult to verify his sister’s wishes, but Donovan might well have been telling the truth about his brothers. There is a record of a Rifleman Patrick Donovan, also from London, who was also serving in 16 King’s Royal Rifle Corps, and who died of wounds on 5 November 1916. Whilst it is noteworthy that yet again a young soldier of bad character had chosen to be unrepresented at his trial, the likelihood is that the outcome would have remained the same even if he had been represented, having regard to the series of offences."
"Private.","Duncan, John (aka Sinclair),","Alexander","1st Battalion Cameron Highlanders","7th March 1915","Age Unknown","Private John Duncan of 1 Cameron Highlanders faced a firing squad. The execution, like Private Ward’s in 1914, was unusual in that it took place in the late afternoon – on this occasion at 5.30 pm. Duncan, a Glaswegian, was an Army Reservist who had deserted after only one week in action. The soldier’s name appears in the official casualty returns, recorded as died of wounds, although he was killed by a firing squad from his own battalion. After the war Private Duncan’s grave was not found and he is commemorated on Le Touret Memorial."
"Private","Dossett","Walter","1/4th Battalion York and Lancaster Regiment","25th June 1918","Age 22 -","Walter went absent during the Ludendorff Offensive of 1918 and was sentenced to death. Private Scullin of 49 Division Ammunition Column recorded the execution in his diary from the recollections of a colleague who witnessed it. The execution took place near Vlamertinghe in the Ypres Salient on 25th of June 1918. An ambulance drew up and Walter was led out under escort to a nearby rifle range. He was then bound to a chair, blindfolded and a piece of white paper placed over his heart. The firing squad consisted of machine gunners from the 21 Division who then executed their fellow soldier in arms"
"Private","Downey","Patrick","6th Battalion Leinster Regiment","27th December 1915","Age 20","Private Patrick Joseph Downey (19), of Limerick, Ireland, was a 19-year-old soldier in the 6th Battalion of the Leinster Regiment (10th Irish Division) who was executed by a British Army firing squad on December 27, 1915, during World War I. Downey was stationed near Salonika, Greece, and was punished for refusing to follow orders to wear his hat (cap). He had been under Field Punishment Number One—tied to a gun carriage wheel for two hours daily—for a previous, minor disobedience. His hat had fallen off while he was tied up, and he refused to put it back on, leading to a charge of disobedience. He was tried by Field General Court Martial on December 1, 1915"
"Private","Downing","Thomas","6th Battalion South Lancashire Regiment","19th February 1917","Age 22","Private Thomas Downing, a young man from Widnes, was shot at dawn because he fell asleep at his post"
"Sub Lieutenant","Dyett","Edwin","Nelson Battalion Royal Naval Division","5th January 1917","Age 21","Sub-Lieutenant Edwin Dyett was a British officer executed by firing squad for desertion on 5 January 1917during World War I. At just 21 years old, he became one of only three British officers executed during the entire conflict. His highly controversial case became a prominent symbol of the harshness of British military justice, ultimately contributing to a shifting public perspective on combat trauma and the ""Shot at Dawn"" campaign. Born in Cardiff, Wales, Dyett came from a respected seafaring family. He joined the Royal Naval Volunteer Reserve (RNVR). The war progressed, he was transferred to the Nelson Battalion, 63rd (Royal Naval) Division to serve as an infantryman on the Western Front. Unsuited for land warfare and displaying symptoms of shell shock, Dyett requested a transfer back to naval duties on four separate occasions, but all requests were denied. In November 1916, during the Battle of the Somme, Dyett was ordered to the front line. Amid the chaos, he failed to locate his sector and returned to headquarters. After an altercation with a junior officer regarding orders, Dyett wandered off and claimed to have become completely lost in the battlefield confusion. He was arrested the following day behind the front lines and charged with desertion. During his court martial, Dyett was not granted legal counsel, and no medical evidence regarding his psychological state was presented. Despite a plea for clemency from his divisional commander based on his youth and inexperience, senior commanders—culminating in Field Marshal Sir Douglas Haig—confirmed the death sentence to deter further desertions. Dyett was shot at dawn at 7:30 AM on 5 January 1917 in St Firmin, France. Witnesses recorded his last words to the firing squad as: ""Well, boys, good-bye! For God's sake, shoot straight.""He is buried in the Le Crotoy Communal Cemetery. His tragic story inspired author A.P. Herbert—who served in the same division—to write the powerful 1919 anti-war novel The Secret Battle, which featured an introduction by Winston Churchill"
"Private","Earl","William","1/7th Battalion Lancashire Fusiliers","27th May 1918","Age 22,","Private William Earl was a conscript in 1/7 Lancashire Fusiliers, and he came from an area of Manchester that had already had a number of men executed. Strangely the road that the soldier lived in bore his family surname, and just one road away from his home once lived another man who had been executed after deserting from another battalion of the Lancashire Fusiliers. (Private William Smith executed on 14 November 1917.) Earl had absented himself from his battalion during April 1918 when they were serving on the Somme. His freedom was short-lived because he was captured, tried and shot before the end of May. The inscription on the headstone of Earl’s grave reads: ‘Those miss him most who loved him best’."
"Private","Earp","Arthur","1/5th Battalion Royal Warwickshire Regiment","22nd July 1916","Age Unknown","Earp fled the British trenches during the force build-up prior to the first suicidal charges over the trenches at the Battle of the Somme. Earp's court martial recommended clemency, as did divisional and corps commanders. (Source General Haig did not agree, and the rejection note he scrawled on Earp's papers is also his army's transcendent verdict on countless ""shot at dawn"" cases: ""How can we ever win if this plea is allowed?"" And so it was not allowed."
"Private","Elford","Lawrence","7/8th Battalion King's Own Scottish Borderers","11th October 1918","Age 28","He had received news that his father had died and his new wife was seriously ill at home in Huddersfield, Yorkshire. The combination of war and worry unbalanced the young man’s mind and he decided to walk home from France. The very notion that he believed he could do such a thing must surely have pointed to a disturbed mental state. The upper echelon of Britain’s military command and the politicians at home did not take that view. He was recaptured and executed"
"Private","Evans","Andrew","1st Battalion Royal Scots Fusiliers","6th February 1915","Age Unknown","Private Andrew Evans was a British soldier executed by firing squad for desertion on 6 February 1915 during World War I. He was put to death alongside 19-year-old Private Joseph Byers in a double execution, making them the first British volunteers to be executed for desertion during the conflict. Evans and Byers, both serving with the 1st Battalion, Royal Scots Fusiliers, failed to appear for a muster parade on 29 December 1914. This occurred just two days before their battalion was scheduled to return to the front-line trenches at Locre. Evans was a 41-year-old reservist who already possessed prior combat experience. In contrast, his companion Joseph Byers was a teenager who had received only two weeks of basic training before being sent to France. Both men were court-martialled, pleaded guilty to desertion, and were sentenced to death by firing squad. The double execution took place at an unknown time on 6 February 1915. While Evans died instantly in the first volley of gunfire, the execution of Byers was severely botched, requiring multiple volleys and a final close-range shot from an officer to end his life. Private Evans is buried alongside Private Byers at the Loker Churchyard in West Flanders, Belgium"
"Private","Eveleigh","Alfred","1st Battalion East Kent Regiment (The Buffs)","24th February 1916","Age 27","Private Alfred E. Eveleigh (Service Number L/8107) was a British Army soldier serving with the 1st Battalion, The Buffs (East Kent Regiment) who was executed for desertion during World War I. He was shot at dawn on 24 February 1916. He was 27 years old. He was court-martialled and found guilty of desertion. Court records from the era note that he initially had a death sentence commuted to 10 years of penal servitude, but after a subsequent offence or review, the capital sentence was reinstated and carried out. He is buried at the White House Cemetery in St Jean les Ypres, Belgium"
"Private","Everill","George","1st Battalion North Staffordshire Regiment","14th September 1917","Age 30","George had had enough of the Army, of the slaughter and of taking orders. When A Company set off for the front, the prisoners restored to the ranks, George did not go with them.  He slipped away from his platoon, leaving behind his rifle and equipment. He was found just after midnight on August 25 at Reningelst, three miles south east of Poperinghe. He escaped again from the guard room he was taken to, but was finally arrested and detained on the Reningelst to Abele Road, heading in the direction towards the English Channel. September 3, 1917, at the town hall. He was granted legal counsel, but by now the Army top brass had finished with Private George Everill. Because of his poor record, he was sentenced to death.  At 6am on Friday, September 14, 1917, George was led out of his cell, tied to the execution post in the courtyard at Poperinge Town Hall, and shot."
"Private","Fairburn","Edward","18th Battalion Canadian Expeditionary Force","2nd March 1918","Age 22","Private Edward Fairburn was a Canadian World War I soldier who was executed by firing squad for desertion on 2 March 1918. Fairburn enlisted on 1 November 1915 in St. Catharines, Ontario. He went missing during the week of 9–16 April 1917. His absence lasted for 10 months, during which time he missed major allied operations including Vimy Ridge, Hill 70, and Passchendaele. He was eventually arrested just north of Arras, France.  A military court martial found him guilty of desertion. The extreme 10-month length of his absence heavily influenced the command's refusal to commute his death sentence. At age 22, he was shot at dawn on 2 March 1918 near Villers-au-Bois, France, by an execution party from his own battalion. His remains are interred at the Villers Station Cemetery (Plot XI, Row B, Grave 23), located northwest of Arras. Fairburn was one of 25 Canadian soldiers executed for military offences during World War I. In December 2001, the Canadian government officially expressed regret for the executions. While legal pardons were not issued, the government restored dignity to Fairburn and the 22 other men shot for desertion or cowardice by officially entering their names into the First World War Book of Remembrance."
"Private","Farr","Harry","1st Battalion West Yorkshire Regiment","18th October 1916","Age Unknown","Private Harry Farr was a British soldier executed by firing squad for cowardice on 18 October 1916during the Battle of the Somme. His landmark case ultimately became the catalyst for the British government to issue a blanket posthumous pardon 90 years later for over 300 soldiers who were ""shot at dawn"". Farr enlisted in 1914 and served with the 1st Battalion of the West Yorkshire Regiment on the Western Front. In May 1915, his position was heavily shelled, causing him to collapse with severe convulsions. He was hospitalised multiple times for ""nervous collapse"" (what is recognized today as Post-Traumatic Stress Disorder) and developed a physical inability to handle the noise of artillery. On 17 September 1916, while his unit was moving to the front line on the Somme, Farr panicked and refused to go forward. He reportedly told superiors his nerves were destroyed and he could not stand the noise. He was tried by a Field General Court Martial, which lasted less than 20 minutes. He had no legal representation, and no medical records detailing his severe shell shock were presented to the court. Commander-in-Chief Sir Douglas Haig signed off on the death sentence. At 6:00 AM on 18 October 1916, 25-year-old Farr was shot by a firing squad. He famously refused a blindfold, choosing to look the firing squad directly in the eye.  Following his execution, the military stripped his widow, Gertrude, and their young daughter of his war pension. They were cast out of their home and faced extreme social stigma, financial ruin, and shame for decades because ""cowardice"" was viewed with immense hostility. For years, Farr's daughter, Gertrude Harris, and his granddaughter, Janet Booth, spearheaded a high-profile legal campaign to clear his name, arguing that he was a casualty of war suffering from severe trauma, not a coward. In August 2006, Defence Secretary Des Browne announced a major policy shift. Under the Armed Forces Act 2006, the British government granted an official posthumous pardon to Harry Farr and 305 other British and Commonwealth soldiers executed for military offences like cowardice and desertion during World War I. The pardon formally recognized that these men were victims of the psychological horrors of war rather than criminals. Following the pardon, Farr's name was officially engraved on the Wealdstone War Memorial in London"
"Private","Fatoma","Azaberi","West African Regiment","19th July 1915","Age Unknown","At the beginning of July 1915 a private from ‘D’ Company of West African Regiment was tried on two charges of cowardice together with one of quitting his post. Private Fatoma’s battalion had been fighting in the Cameroons where the convicted soldier was shot on 19 July. Earlier in the same month a British soldier serving at Gallipoli had faced a firing squad, although records concerning the individual seem somewhat confused."
"Private","Fellows","Ernest","3rd Battalion Worcestershire Regiment","26th July 1915","Age 29","Fellows was apprehended and was tried at a court martial on the 14th July 1915. At his trial he offered no evidence in his defence and was found guilty of desertion and sentenced to death. Fellows was shot by firing squad with 4 other deserters from the 3rd Battalion on the ramparts of Ypres on the 26th July 1915"
"Private","Ferguson","Joseph","1st Battalion Royal Scots Fusiliers","20th April 1917","Age 21","Private Joseph Ferguson had enlisted in the ranks of the Royal Scots Fusiliers in October 1913. For reasons that are unknown the members of his chosen regiment would appear to have had a propensity for committing military offences. Serving under two suspended sentences the soldier had expended any chance of further leniency, when in October 1916 he deserted again. The crime was serious, as at the time Ferguson was attached to the Royal Engineers who were engaged in tunnelling operations on the Somme. For three months the private avoided the military authorities until 27 January 1917, when he was arrested in Ribemont – a village behind the battlefront. The military policeman had caught Ferguson masquerading as a war hero, for he wore the ribbons of the Distinguished Conduct Medal, the Legion of Honour together with an armful of wound stripes. It comes therefore as no surprise that the Commander-in-Chief decided to end this continual and sometimes irrational behaviour. Private Ferguson was shot at Wanquetin on 20 April, just two weeks after a soldier in the West Yorks had suffered the same fate for similar deceptions. (Shot at Dawn - Julian Putkowski & Julian Sykes)"
"Private","Flynn","Hugh","18th Battalion Highland Light Infantry","15th November 1916","Age Unknown","The 18th Battalion of the Highland Light Infantry were in the front line at Montauban on 17 July 1916 and were in action at Delville Wood on 19 July. After a short spell in reserve, they moved into the trenches north of Mari-court on the 26th. At about 5 p.m. on that evening, Pte Hugh Flynn was with the rest of his battalion, but when the rations were issued an hour later, he was found to be missing. He was next seen at St Pol on 5 August and was returned to his unit, when he was charged with desertion and tried at Arras on 27th October 1916. When his conduct sheet was presented to the court, Flynn was found to have several minor offences against him, all but one in the UK. He had volunteered for army service on 19 April 1915. He was found guilty of desertion and sentenced to death. 27 October 1916."
"Private","Foulks","Thomas","1/10th Battalion Manchester Regiment","21st November 1917","Age 21","A soldier from the north of England who was seemingly of previous good character was shot on 21 November. Private Thomas Foulkes had been sent to the Western Front as a reinforcement to a Manchester Pals battalion, the 21st. At a later date he transferred to 1/10 Manchester's from whom he deserted with fatal result. Many years after the war a serving officer from the battalion wrote an account of the shooting of a deserter, and it is believed that the condemned man was Private Foulkes. As another man from the battalion was shot in 1918 it is not possible to be absolutely certain that Foulkes was the victim. Henry Lawton, a young subaltern with the Manchester's, was not an eyewitness to the shooting, but heard of the event from a fellow officer. The battalion was out of the line at the time and preparations for the ritual were made in secret. Early the following morning the soldier had been taken to a rifle range and tied in a chair with a piece of white paper pinned to his chest as a target. The story continued that in the aftermath of the volley the firing squad turned and fled, unable to look upon the consequence of their actions."
"Private","Fowles","Stephen","44th Battalion Canadian Expeditionary Force","19th June 1918","Age 21","Shortly after rejoining his unit, Private Fowles deserted for a 3rd time and was not detained until he turned himself in on 2 May 1918. He was court-martialled for desertion, found guilty and sentenced to death. At 03:50 on 19 June 1918, Stephen McDermott Fowles was executed by firing squad. He had just turned 21"
"Private","Fox","Joseph","2nd Battalion Highland Light Infantry","12th May 1916","Age Unknown","The first man to face a firing squad for a physical attack on a superior officer was Pte J. Fox of the 2nd Battalion. The incident which led to the charge occurred at 8.30 a.m. on 8 April 916 at Thérouanne. Second Lt O'Halloran had paraded his platoon for inspect tion and found that Pte Fox had a dirty rifle and boots. After ordering the sergeant to take the dirty soldier to the orderly room, O'Halloran carried on with the inspection. Fox suddenly moved forwards, swore at the officer and kicked him twice on the knee. The sergeant, seeing that Fox's rifle was raised, thought that Fox was about to attack the officer with it, so disarmed him."
"Lance Corporal","Fox","Joseph","1st Battalion Wiltshire Regiment","20th April 1915","Age 20","Lance-Corporal Joseph Fox was the second soldier from 1 Wiltshire Regiment to be executed during the war. Unlike the previous victim (in 1914) Fox was a young man of 20 attached to 3 Division Cyclists’ Company when he deserted. He was tried during April 1915 and executed at Dickebusch on the 20th of that month. Lance-Corporal Fox came from Chippenham and was buried in Dickebusch New Military Cemetery – Belgium. His grave carries the inscription, ‘In loving memory of our dearly beloved Son, Gone but not forgotten’. Fox is also commemorated in Chippenham on the Parish Church Roll of Honour and on the town War Memorial, suggesting that his parents were not told the true circumstances surrounding their son’s death. At the time, however, the official army policy was to inform relatives of the true cause of death, and also to specify the offence. On several further dates this policy was reviewed, although the military authorities were in somewhat of a dilemma, being divided over the type of notification to be used."
"Private","Frafra","Asibiri","Gold Coast Regiment","28th September 1916","Age Unknown","Private Aziberi Frafra serving with the Gold Coast Regiment in German East Africa. Found guilty of casting his arms away in the presence of the enemy, Frafra was shot on 28 September."
"Private","Fraser.","Evan","2nd Battalion Royal Scots","2nd August 1915","Age 19","Evan was executed for desertion in August 1915,aged 19. He absconded from his regiment at 4pm on 24 May 1915. He was arrested the next day at a local railway station in possession of a forged pass and handed back to the British. Whilst in British custody he escaped, but again was caught after little more than 24 hours. Two weeks later, he escaped custody for a second time and again was arrested within a day. On 13 July he was charged with having deserted on three occasions and of conduct to the prejudice of good order (having a forged pass). He was undefended at his trial. He pleaded guilty to the forgery, but not guilty to the counts of desertion. His battalion adjutant gave evidence, saying that Fraser was ""a continual source of annoyance"", a shirker and a continual deserter. He was shot at 4am on 2 August 1915."
"Private","Fryer","John","12th Battalion East Surrey Regiment","14th June 1917","Age 23","Private John Fryer (Service Number 16120) was a British soldier executed by firing squad during World War I. Serving with12th Battalion, East Surrey Regiment, he was executed on June 14, 1916 (aged 23) charged with  desertion. Buried at Poperinghe New Military Cemetery, Belgium. According to records John Fryer was an early volunteer for the war. However, when arrested for desertion, it was found he already had a two-year sentence hanging over his head for a previous offense"
"Private","Gawler","Robert","1st Battalion East Kent Regiment (The Buffs)","24th February 1916","Age 29","Robert Gawler – executed after third offence. His Brigade CO recommended clemency on medical grounds. These medical grounds are unclear but not beyond the realms of possibility that this was neurological, caused or exasperated from shelling"
"Private","Gibson","David","12th Battalion Royal Scots","24th September 1918","Age 25","David was the son of John and Jane Gibson, of Bridgeton, Glasgow; husband of Agnes Gibson, of 3381, Gallowgate, Glasgow. He had enlisted in his regiment and served on the Western Front. In 1918 he was granted leave but failed to return from Glasgow. He was arrested by the police and sent back to his unit, making him the last soldier to be arrested in the UK and sent back to France. As the battalion was about to go into action Gibson was offered the chance of going in to battle. Instead he went absent again. He was arrested two days later and executed for desertion on the 24th September 1918"
"Private","Giles","Peter","14th Battalion Northumberland Fusiliers","24th August 1916","Age Unknown","The letter said a week before his death, Pte Giles, an Army pioneer, had a night out with friends, which led to a night away from his barracks in France. The next morning Pte Giles missed role call - which led to his regiment leaving without him. Mrs Williamson said: ""The letter said Peter found out where the regiment was going and caught them up as fast as he could. ""When he got there he was sent to the front line for three days and was then called back. When he arrived, he was court martialled and shot."""
"Sergeant","Gleadow","George","1st Battalion West Yorkshire Regiment","6th April 1917","Age Unknown","Sergeant George Gleadow had originally enlisted in the East Yorks Regiment in 1906, and had gone to France in January 1915. In 1916 he had transferred to the West Yorks and held the rank of sergeant at the time of his death. The NCO had gone missing in October 1916 whilst his unit was engaged in operations on the Somme. During the following two months whilst masquerading either as a senior NCO or an officer he had fraudulently cashed a number of cheques. When arrested in Amiens in January 1917 Gleadow’s disguise proved far from inconspicuous, as he was wearing the ribbons of the Victoria Cross, together with those of the Distinguished Conduct Medal and the Military Medal. Quite what caused the delay in bringing the sergeant’s case to trial is unclear, but when the court eventually sat to hear the evidence the soldier recounted an unlikely story. Gleadow told the court that when on leave he had been wounded in the head and taken to a French hospital for treatment. Unable to give any further details and without witnesses to confirm such events his story had been treated with incredulity. Before Gleadow’s execution, he was however examined by two doctors. Although they found a small scar on the soldier’s head, it was their joint opinion that the wound was not recent."
"Lance Corporal","Goggins","Peter","19th Battalion Durham Light Infantry","18th January 1917","Age Unknown","Peter was a South Moor miner who had enlisted with the 19th ‘Bantam’ Battalion Durham Light Infantry and was sent to France in February 1916. Just before he left, he married Margaret Rowley, who set up home at 58 South Street, near the corner of Hustledown Road. Peter was court marshalled for desertion on Christmas Eve 1916 in spite of evidence he was following orders given by a retreating sergeant. He was one of three soldiers from 19th DLI executed by firing squad in January 1917 for deserting their post"
"Private","Gore","Frederick","7th Battalion East Kent Regiment (The Buffs)","16th October 1917","Age 19","Private Frederick Gore had enlisted in 1915 at the age of sixteen and had served on the Western Front for two years, during which time he had been convicted on three occasions. The private, who was serving with 7 East Kents, had deserted twice, and also been convicted of cowardice. Consequently the young soldier was serving under two suspended sentences of death. Private Gore, aged 19, was shot at Poperinghe, being the seventeenth and last soldier to be executed in the town during the war."
"Private","Graham","James","2nd Battalion Royal Munster Fusiliers","21st December 1915","Age Unknown","Private James Graham (9948) of the 2nd Battalion, Royal Munster Fusiliers, was an Irish-born soldier executed by firing squad for desertion on December 21, 1915, in Mazingarbe, France, at age 21. He was the first soldier to be executed in the town's former abattoir and is commemorated by a plaque placed there in 2007. Son of Mrs. Jane Graham of 16 Lavitts Lane, Cork, Ireland. Graham left his unit in January 1915 and was arrested on November 14, 1915, in a brothel in Béthune, where he had been using a false identity. He was shot at 07:22 on 21 December 1915. A large commemorative plaque was unveiled on Sunday 11th November 2007 (Armistice Day) at the site of his execution, detailed in records from the Irish Seamen's Relatives Association. He is among the ""Shot at Dawn"" campaign's 26 Irish soldiers recognized for pardon, as many of these men are now believed to have suffered from shell shock"
"Private","Haddock","James","12th Battalion York and Lancaster Regiment","16th September 1916","Age 32","James was a regular soldier, possibly a reservist at the beginning of the war, who had been recalled to the colours and arrived in France on 9th September 1914. James was originally posted to the 2nd Battalion but was transferred to the  Sheffield City Battalion (12th Yorks. and Lancs). At the time of his posting to the trenches on the Somme, he was already on a twenty year (later reduced to five years) suspended sentence for a previous offence of desertion. Despite this he left again on his way up to the trenches on 30th June 1916, the day before Somme Offensive of 1st July 1916. He went into hiding but was discovered five days later on 5th July by Military Police, seven miles from the Battalions trenches. At the subsequent Field Court Martial held on 24th August 1916, James defence was that he was suffering with his feet  and the medical officer had told him to rest. He had got lost trying to find transport and when he was apprehended, he was actually looking for the police to ask for directions. To say that this was a flimsy defence is something of an overstatement. His orders at the time of his desertion were to follow his colleagues into the trenches - James did not - he went missing for five days and when found, he was hiding in a civilian wagon without either his equipment or rifle. he had made no attempt whatsoever to rejoin his colleagues. But the most crucial element to the case was his past Army service record. Since arriving in France, he had deserted seven times as well as being charged with being drunk on active service and refusing to obey an order. He was already under a suspended sentence of five years that had been passed by a FGCM as recently as April 1916. The verdict of the Court Martial was inevitable - James was sentenced to death by firing squad. The Court Martial had no discretion on this matter but did add a recommendation for mercy. The verdict was then passed up the chain of command and the sentence was endorsed at every level. The recommendation for mercy was not a factor. It finally reached the Commander in Chief of the British army in France General Douglas Haig on 12th September 1916 who confirmed the verdict and sentence of the FGCM . The execution by firing squad took place at dawn 6.14 a.m. on 16th September 1916. He was the first soldier from Sheffield to be executed in the Great War but sadly he would not be the last."
"Driver","Hamilton","Thomas","72nd Battery Royal Field Artillery","3rd October 1916","Age 22","Driver Thomas Grant Hamilton had been accused by a second-lieutenant, of smoking during a stable parade. Not perhaps today a crime that would be considered a serious disciplinary issue, but when the officer subsequently refused to hear an explanation, Hamilton’s temper got the better of him. As the second-lieutenant walked away Hamilton struck him four times. It was accepted in court that although the blows were to the body and head, none of them had been very hard; nevertheless coupled with a bad military record it was enough to cost the soldier his life."
"Private","Hamilton","Arthur","14th Battalion Durham Light Infantry","27th March 1917","Age 31","Private Arthur Hamilton and his battalion – 14th Durham Light Infantry – were serving in the Cambrin sector, when prior to duty in the front line trenches the soldier went absent. Shortly afterwards Private Hamilton was seen buying provisions in a distant village, but it was a week later before he was arrested in the Channel port of Calais. Compounding his offence by giving false particulars, there was little defence that the soldier could make, having been arrested so far from his unit. In mitigation of his offence Hamilton claimed that he had been medically unfit for duty at the time of his crime, stating that he had been suffering from bronchitis and trench feet. Private Hamilton, aged 31, was shot at Noeux-les-Mines."
"Private","Hanna","George","1st Battalion Royal Irish Fusiliers","6th November 1917","Age 26","Pte George Hanna Executed At Dawn 6th November 1917.  Pte George Hanna, from Belfast was executed for desertion. He had two previous convictions in 1915 & 16. His defence was that he had lost three brothers & had not got back home since December 1914"
"Private","Harding","Frederick","1st Battalion King's Royal Rifle Corps","29th June 1916","Age 21","Frederick Harding, No 11528 of the 1st King's Royal Rifle Corps was executed at 4.28 am on 29 June 1916 at Cambia in L'Abbe for absenting himself from the front line at Souchez on 4 May 1916, and then repeating the offence. He was apprehended at Hesdin on 19 May not wearing a cap badge or numerals, carrying no equipment and wearing riding breeches and a service jacket with black buttons. He was locked up at Fresnicourt but escaped from there on the 21st. He was caught at Bethune six days later. Harding was given a dreadful character in submissions for his court martial. His conduct in action was said to have been 'bad', his conduct from a fighting point of view was 'fair', and his previous conduct was 'bad'. He had enlisted for the usual 12 years service on 8 April 1914 and was wounded 'About 2nd' November. It seems that he spent some six months in hospital and rejoined the 1st KRRC in November 1915. Harding's file (10) is large by comparison with those of many of the men executed between 1914 and 1918 and contained in it are extracts from an AFB 122 form which made the point that he had, indeed, been a poor soldier.In his defence submissions Harding's head wound of 1914 was mentioned and it was also said that since the age often he had suffered from 'wandering mania'. The court was adjourned for the accused to be medically examined and the report on him said that he was indeed mentally 'dull'. Enquiries were made about his wandering and before the court were a number of documents from the police. One of these was a message from the Metropolitan force which said 'RIFLEMAN HARDING TENDENCY TO WANDER WEAK INTELLECT.' A letter said that he had been taken to a police station for wandering in 1913, but another from an Inspector Flanders said that in March 1912 Harding had been charged with wandering and begging and that he had been in St Giles Mission Home, Drury Lane, until December 1913. Another note said he had been convicted of begging in 1911. Harding was a pathetic character and Sykes and Putkowski are surely right when they say he should never have been a soldier and that he 'fell victim to ... the army's inadequate enlistment screening, as well as his own personal failings.' Henry Wilson did not think he should be shot, but the C in C did. Perhaps he was finally influenced by the fact that one of those offences absenting himself from duty had been committed as recently as 9 March 1916. For this Harding had appeared before a Field General Court Martial which had awarded him 84 days Field Punishment Number One on 28 March."
"Private","Harris","Ernest","Lancashire Fusiliers","3rd February 1917","Age 20","Private Ernest Harris 23992 10th Bn Lancashire Fusiliers Died on 3rd February 1917 aged 20 Son of Edward and Lavinia Harris, of 90, Nether Edge Rd., Sheffield. Private Harris who was known as Jack was serving in the 10th Lancashire Fusiliers in 17th Division. He had already received two previous suspended sentences the latter being a death sentence. When he went AWOL for a third time his fate was sealed."
"Private","Harris","Louis","10th Battalion West Yorkshire Regiment","7th November 1918","Age 23","Executed 4 days before the end of the war. Harris had volunteered for the Army in 1915, but was discharged as unfit. He got conscripted in 1916, however, and was sent to France in July, where he served as part of a Lewis gun team. On September 2, in the middle of an attack at Rocquigny, while there was “no firing and practically no opposition,” Harris ditched his kit and his comrades and vanished. He was arrested the next day and faced an FGCM for desertion and cowardice. Harris — surprisingly … was not defended at his trial and made no attempt to cross-examine any of the witnesses, nor did he make a statement in his own defence. It would appear that the 23-year-old soldier either did not understand the seriousness of his position, or was resigned to his fate. He was found not guilty of cowardice, but guilty of desertion, and his bad record (which included repeated charges of insubordination) was held against him. His CO wrote, “Pte. Harris L. has not got a good record in this Battalion. His fighting value is NIL.”"
"Private","Harris","Thomas","1St Battalion Royal West Kent Regiment(The Queen's)","21st June 1915","Age 21","Private Thomas Harris had been absent for nine months before being captured in May 1915 by the Military Police in Paris. At his trial on 12 June, Harris told the court that the sights he had seen at Mons and Le Cateau were more than his nerves could stand and he asked for leniency. (Army records indicate that Harris had previously been sentenced to 2 years’ imprisonment with hard labour for absence – however, it is not clear how this could have come about unless he had been convicted pre-war. The court were unsympathetic and his brigade commander, Brigadier-General C C M Maynard was later to comment that he considered the case a bad one and recommended that the sentence be carried out. Private Harris, aged 21, from Gravesend, was executed in the Ypres Salient on 21 June. In the same manner as Thomas Highgate, Private Harris is recorded in the official casualty lists – his cause of death being somewhat ambiguously given as ‘Died’.  No other men were executed from this regiment for any offence, throughout the rest of the war."
"Private","Harris (aka Bevistein).","Abraham","11th Battalion Middlesex Regiment","20th March 1916","Age Unknown","Aby Bevistein was born in Russian-occupied Poland in 1898 and came to London when he was three. In September 1914 Aby volunteered, changing his surname to the English ""Harris"". His parents were heartbroken when he joined the army. Soon after his arrival in France Aby discovered the wretched nature of trench warfare. He wrote home: ""Dear mother, I've been in the trenches four times and come out safe. We're down the trenches for six days and then we get relieved for six days' rest. Dear mother, I do not like the trenches. We're going in again this week."" For Aby, and many like him, the trenches meant cold and mud, wet clothes and rats, the smell of death and the sight of mutilated flesh, long monotonous hours interrupted by terror. On 29 December 1915 Aby was caught in a German mine explosion - the enemy had tunnelled under the trench where he was stationed. He was wounded and suffered what was then simply called ""shock"". In today's military lexicon it would be described as ""combat stress"" or ""post traumatic stress disorder"". By early spring Aby was back on the front. On 12 Feb 1916 the Germans again attacked his position, this time with grenades. Dear mother, I'm in the trenches and I was ill so I went out, and they took me to the prison and I'm in a bit of trouble Abraham BevisteinSuffering from shock, Aby wandered back and forth along the British lines. He was eventually arrested and charged with desertion. His last letter home is that of a boy who seems determined to underplay his situation, not to put stress on his mother at home. ""Dear mother, I'm in the trenches and I was ill so I went out, and they took me to the prison and I'm in a bit of trouble now."" The following month Aby then aged 17, became one of the 306 British soldiers executed during the Great War"
"Private","Hart","Benjamin","1/4th Battalion Suffolk Regiment","6th February 1917","Age 22","The Corporal acting as first witness to Hart’s trial, in charge of the no.4 platoon of A coy, remembers Hart being present in the trenches as he brought some supplies and warned the men to fill their water bottles, ready for the trenches that same afternoon on the 14th December 1916. Upon his return at 14:15pm at Pettbois, Hart was missing. Previous to this warning for the trenches, a Sergeant can confirm Hart’s presence up until the 14th as he concurred his presence when asking the soldiers whether they wanted to bring blankets to the trenches or not. Hart was missing for two days, until he reported to the town Major at Bray on the evening of 16th December. The area commandant of Bray told the court, he felt Hart was unable to provide a ‘satisfactory account of himself’ so he handed Hart over to the police, despite Hart consciously coming to his office after deserting the trenches. Hart was charged with desertion, and despite his plea of not guilty, Hart was declared guilty and ordered to suffer death by being shot."
"Private","Hartells","Bert","3rd Battalion Worcestershire Regiment","26th July 1915","Age 32","Private Hartnells was a farm labourer from Rowney Green, Alveschurch near Redditch. He joined the army a few months before his 21st birthday, enlisting on the 27th January 1904 at Worcester and joined the 1st Battalion Worcestershire Regiment. He served with the 1st Battalion at Templemore, Ireland. In November 1904 he was posted to the 2nd Battalion and joined them at Columbo, Ceylon and later move to the camp at Diyatalawa. In December 1906 he sail with the 2nd Battalion, on s.s. Soudan, to India disembarking at Bombay on the 19th December 1906. The battalion then made their way to Ahmednagar arriving on the 21st December 1906. In January 1912 he transferred to the 1st Class Army Reserves . He was mobilised at the start of the war in August 1914 and posted to the 3rd Battalion Worcestershire Regiment and landed in France with the  3rd Battalion on the 12th August 1914. On the 25th November 1914 he went absent without permission, he was absent for 71 days. On the 4th February 1915 he was charged awaiting General Court Marshal. On the 24th February 1915 he was sentenced to 1 year imprisonment hard labour, but this was commuted to 3 months in March 1915. Shortly after his release in June 1915 he went absent again on the 15th June 1915, but this time he was listed as a deserter. He was recaptured and again tried by General Court Mashal and this time he was found guilty of desertion and sentenced to be shot. Hartnells was shot by firing squad with 4 other deserters from the 3rd Battalion on the ramparts of Ypres on the 26th July 1915 at 4.0 a.m. in the morning. He was 32 years of age. After his death his personal effects which include a knife, pipe, 2 photos and a letter were sent to his father William Hartells. The common law wife of Private Bert Hartells also contacted the Ministry of Pensions stating she was living as the wife of Private Hartells for the past 4 years and that they had two little boys age 3 and 2. She also stated that they had failed to formalise the marriage. When war was declared they published the bands for marriage but that as he had no leave so that they could not put the matter right. She was finally awarded a pension in May 1918. He was originally buried at the Ramparts Cemetery but was later transferred to the Aeroplane Cemetery, Belgium which is 3.5 Km northeast of Ypres town centre"
"Driver","Hasemore, John","180th Brigade","Royal Field Artillery","12th May 1916","Age 23","An ex Navy man Hasemore volunteered for service in the summer of 1915. Having joined up though he took a dislike to having to obey orders and became increasingly disobedient. Ultimately he refused to obey even the most banal of orders and this — on active service — resulted in his trial for disobedience (In itself a fairly rare occurrence)."
"Private","Hawkins","Thomas","7th Battalion Royal West Surrey Regiment (The Queens)","22nd November 1917","Age Unknown","Private Thomas Hawkins was a British soldier executed for desertion during World War I. He was shot at dawn on 22 November 1917 at the age of 19.  Hawkins' military record highlights how strictly the British Army penalized repeated offences during the war:  First Offence: On 3 January 1917, Hawkins faced a court-martial for desertion and was sentenced to death. This sentence was subsequently suspended to allow him to return to duty. Second Offence: During the Messines offensive in June 1917, he was convicted of cowardice in the face of the enemy. He received a sentence of two years' hard labour, which was also suspended so he could remain on the front lines. Final Offence: He deserted once more while serving under these suspended sentences. Because he was deemed a persistent offender, his final death sentence was confirmed by top military command. He is buried at Bleuet Farm Cemetery in Elverdinge, near Ypres, Belgium"
"Lance Corporal","Hawthorne","Frederick","1/5th Battalion South Staffordshire Regiment","11th August 1916","Age 22","Lance Corporal Frederick Hawthorne (No. 9541) of the 1/5th Battalion, South Staffordshire Regiment, was executed by a firing squad at dawn on August 11, 1916, at the age of 22. Convicted of cowardice, he had refused to carry out a trench-cutting order in No Man's Land, stating ""it is too light"" and calling the mission ""suicidal."""
"Private","Hendricks,","Harry (aka Henry)","2nd Battalion Leinster Regiment","23rd August 1918","Age 46","Private Harry Hendricks was a 46-year-old American citizen who was executed by firing squad for desertion during World War I while serving with the British Army's 2nd Battalion, Leinster Regiment. He was executed on 23 August 1918 and is historically recognized as the oldest soldier to be executed by the British military during the war. Believed to have been an American seaman, Hendricks travelled from the United States and voluntarily enlisted in Limerick, Ireland, in February 1917. He arrived on the Western Front on 31 May 1917. On 16 September 1917, Hendricks went missing from his unit. He spent several months on the run before being arrested in Boulogne on 3 November 1917. Before his court-martial could take place, he spent extended time in a military hospital. He was ultimately convicted of desertion under British military law. Despite his age, his death sentence was confirmed and carried out at dawn. Private Hendricks is buried at the La Kreule Military Cemetery near Hazebrouck, France"
"Private","Higgins","James","1/9th Battalion Argyll and Sutherland Highlanders","26th August 1916","Age Unknown","Pte Higgins is the only Argyll during World War One who was sentence to death by court martial. Pte Higgins was passed this sentence for desertion, he is one of 266 men who was executed for this reason – and it was the most common charge for this. Medal Card for James Higgins which states that his service medals have been forfeited. We know that Pte Higgins was the son of Robert Higgins and Jessie (nee Smith) and was born May 1893 in Bridgeton, Lanarkshire. He had several siblings – John S (who was a German PoW during WW1 but his regiment couldn’t be determined), Robert, William, Jessie and Maggie.  Pte Higgins signed up on 5th August 1914 aged 20, and stays with the Argyll and Sutherland Highlanders his whole service. When enlisted, he starts with the 1/9th but ends up with the 3/9th. It is whilst in this period of his service that he is injured. A Scotman newspaper article notes that he was “wounded on right foot and shoulder by bursting of a shell”. It is unimaginable the consequences of this injury must have had on Pte Higgins. Later, he is moved to the 1/8th and is here that he is reported missing on 27th July 1916. Information for Pte Higgins list of effects which notes he was shot on the 26th August 1916. His charge notice states, “When on active service, deserting His Majesty’s Service, in that he, in the field on the 27th July, 1916 absented himself from 1/8th A&s Hdrs, to which he was attached, and which was then at Mametz Wood, until apprehended by the Military Police … on 3rd August 1916, dressed in uniform different from his Battalion.” After being found guilty his sentence reads: To suffer death by being shot. Recommended to mercy on grounds if previous service and wounds and medical evidence to previous nervous strain”. It is unknown if the nervous strain was as a consequence of his earlier injury – but it can be assumed so. Proceedings were agreed on 25th August 1916 and Private James Higgins was executed on the 26th August 1916. He is buried in Cite Bonjean Military Cemetery, France."
"Private","Higgins","John","1st Battalion Canadian Expeditionary Force","7th December 1916","Age 25","Private John Maurice Higgins was a Canadian soldier who was executed by firing squad for desertion during World War I. He was born in Charlottetown, Prince Edward Island, lived in Toronto, and later enlisted with the 87th Battalion in Montreal. After participating in heavy fighting at Mount Sorrel and Courcelette in September 1916, Higgins went absent without leave. French Police arrested him 16 days later, charging him with desertion. While awaiting his court-martial, he managed to escape custody but was recaptured five days later. He was found guilty at his court-martial and sentenced to death. He was executed at 07:11 on 7 December 1916.  His remains are buried at the Quatre-Vents Military Cemetery in France"
"Private","Highgate","Thomas","1st Battalion Royal West Surrey Regiment (Queen's Own)","8th September 1914","Age 19","First soldier to be shot at dawn in WW1. The first man to be shot for desertion was 19-year-old Thomas Highgate. On 6 September 1914 during an exhausting retreat from Mons, Thomas asked permission to fall out to 'ease himself'.Later that day, after just an hour or two, Thomas was found dressed like a civilian in the grounds of a chateau, where he had apparently confessed to a gamekeeper that he had 'had enough of it, I want to get out of it, and this is how I am going to do it'.Thomas protested at his court martial hearing that he'd have every intention of rejoining his unit. He claimed to have no memory of how he'd come by his civilian clothes. Apparently gripped by a crisis of confidence, senior officers made an example of Thomas and he was shot at 7am on 8 September, before an audience of soldiers from two other units"
"Private","Hodgetts","Oliver","1st Battalion Worcestershire Regiment","4th June 1915","Age 20","Private Oliver William Hodgetts (8662) 1st Battalion Worcestershire Regiment. He was serving with the 1st Battalion when they arrived in Western Front on the 8th November 1914 fresh from Egypt. Some 5 days later the Battalion took up a defensive position in trenches facing Neuve Chapelle and came under heavy bombardment from the enemy during which 7 men were killed and 25 wounded. During the next 3 days (16th to 19th November 1914) a further 13 men were killed and 27 wounded. During this period Private Hodgetts went missing but on this occasion no action was taken against him. On the 19th November 1914 the men of the 1st Battalion exhausted climbed out of the trenches frozen and in heavy snow fall made their way back to billets at La Gorgue, six miles away. Next day one man in four suffered with frost-bitten hands or feet and in many cases feet or toes had to be amputated. On the 9th May 1915 just prior to the attack on Festubert, Hodgetts went missing yet again just as the Battalion prepared to go into action. On the 12th May he reported to a nearby unit and claimed he had sprained his ankle, but when he was examined by the medical officer no injury was discovered. On the 22nd May 1915 he was brought to trial where he was undefended. Hodgetts conduct sheet showed that he had been sentenced to 90 days field punishment on the 1st March 1915. His commanding officer Major George W. St. G. Grogan at the trial described Hodgetts as a worthless fighting soldier who was only intent on saving his own skin. At his court martial Private Hodgetts was found guilty of cowardice. Field Marshal Sir John French confirmed the sentence and Private Hodgetts was shot by firing squad on the 4th June 1915. He was only 20 years of age. He is buried at Royal Irish Rifles Graveyard, Laventie, Pas de Calais, France"
"Lance Corporal","Holland","James","10th Battalion Cheshire Regiment","30th May 1916","Age 31","He served with the 10th Battalion of the Cheshire Regiment. He was convicted of ""quitting his post"" (sometimes cited as cowardice) after allegedly leaving his position during a heavy German artillery bombardment. Despite recommendations from some officers to commute the sentence due to his previous efficient service, the sentence was confirmed by the commander-in-chief, Douglas Haig. He was 31 years old at the time of his death. He is buried in the Écoivres Military Cemetery."
"Private","Holmes","Albert","8th Battalion King's Own Royal Lancaster Regiment","22nd April 1918","Age 22","Discrepancies concerning Holmes' age suggest that he might have advanced his true age in order to enlist in 1914. Private Albert Holmes had seen considerable service and had been wounded, but additionally he had been convicted of two offences of desertion. However, a repeat offence committed shortly after his sentence of death had been suspended, proved to be his undoing. The 22 year old married man from 8 Royal Lancaster Regiment was shot on 22 April. On the day of Private Holmes’ execution the House of Commons was debating the annual Army Act, and in order to ease the bill’s passage a concession was made. Henceforth, it was decided, after a conviction where a sentence of death was imposed, then the penalty would be made known to the prisoner – at the time. In order to facilitate this a special form was drawn up – Army Form W3996. Included in the wording was an entry indicating whether or not mercy had been recommended, and if so on what grounds. Also included was a declaration to the effect that the sentence was subject to confirmation. The new procedure was introduced in May 1918, but did not always find favour with the military, and in at least one case was the cause of a tragedy."
"Private","Holt","Ellis","19th Battalion Manchester Regiment","4th March 1917","Age 22","Private Ellis Holt was executed for desertion in March 1917, aged 22. He was said to have been under a suspended sentence of two years' imprisonment with hard labour when he deserted from the Arras front."
"Private","Hope ake Hepplel","Robert","1st Battalion Royal Inniskilling Fusiliers","5th July 1917","Age 23","Private Robert Hope was the eighth soldier to have served at Gallipoli whose subsequent posting to the Western Front resulted in an offence of desertion followed by execution. Additionally Hope was masquerading under an assumed name. A previous individual, Private Hogan, shot in May 1917, had also served in the same regiment – Royal Inniskilling Fusiliers. Hope had enlisted in the name of Hepple, although doubts about the need for such a falsehood exist, as some army records show the name spelt as ‘Heppel’. The soldier’s service in Gallipoli had been short-lived, as he landed on 13 November 1915,109 only a few weeks before the entire battlefront was evacuated. Hope served with 1 Royal Inniskilling Fusiliers – part of 29 Division – and during 1917 the troops fought at Arras. No details have emerged concerning Hope’s character, nor the circumstances under which he deserted. However, his untimely end on 5 July came when his battalion had been transferred to the Ypres Salient."
"Private","Hope","Thomas","2nd Battalion Leinster Regiment","2nd March 1915","Age 20","Private Thomas Hope (Service No. 4310) was a British soldier executed by firing squad for desertion on March 2, 1915, during World War I. A member of the 1st Battalion, Royal Inniskilling Fusiliers, he was executed at age 26 (sometimes reported as 25 or 26) following a time of extreme stress and personal loss. In December 1914, Thomas Hope was reportedly told that two of his brothers had been killed in action, which severely impacted him."
"Private","Hopkins","Thomas","1/8th Battalion Lancashire Fusiliers","14th February 1918","Age 26","Private Thomas Hopkins, 1st/8th Bn. Lancashire Fusiliers, executed for leaving his post 13th February 1918, aged 26. Plot V. D. 13. Husband of M. A. Hopkins, of 6, Vine St., Birkenhead. He joined up on 4 Sept 1916; & on 1 Sept 1917 was serving in the trenches for the first time when at 0200 hours the gas alarm was given.  When the ‘Gas Clear’ call was given, Hopkins was missing, though he had left behind all his equipment. He was not seen again until 9 or 10 Sept — when he would have been arrested. Hopkins escaped from custody during the night of 18-19 Sept; was back in custody on 10 Oct at Coxyde; escaped again, making off into the dunes; & at some stage thereafter recaptured. He was not tried till 3 Dec 1917, the delay being due to necessary consultation with Army lawyers — which resulted in a charge of quitting his post (which was accompanied by 2 charges of escaping).  In relation to the first charge, Hopkins said: ‘I had been lying about & the weather was very cold.  I went down a road into a town. I had no pay, & had been handcuffed for 6-7 months, no friends in the regiment’. After conviction, it emerged that Hopkins had committed several minor (military) offences in the UK, & that at the time that he was sent to France, he was serving a sentence of 112 days’ detention imposed for attempting to desert. The court had been concerned about his mental state, & suggested further medical examination.  Hence he was seen at Wimereux  by a specialist— who found him fit for service, sane, & of below average intelligence; & further labelled him a criminal degenerate.  Enquiries in England revealed a series of convictions for theft, & 32 summary convictions for vagrancy, drunkenness & assault on the police. Thereafter, he was considered ‘a very bad character’ who had deliberately committed a very serious offence; & ‘probably useless as a soldier’.  Sentence was confirmed on 4 Feb 1918, Hopkins being brought from hospital at Wimereux for his execution 9 days later."
"Private","Horler","Ernest","12th Battalion West Yorkshire Regiment","17th February 1918","Age 26","Horler, a conscript, had been executed on the day that his battalion was disbanded. Of course, the execution had no bearing on the disbandment of the unit but in the aftermath of the event, questions were asked in the House. The soldier, identified only as Private E.H. No.46127, West Yorkshire Regiment, had been shot on 17 February. Had the War Cabinet’s directive to use the newly printed form for notifying such a death been followed, then the issue would never have arisen. As it turned out, Number 2 Infantry Record Office at York had blundered by following the old established practice, and as a result the soldier’s mother had had her allowance cut. In the ensuing Parliamentary debate, comment was made that the man was regarded by many to be mentally weak, and the House questioned the soldier’s mental condition at the time. An assurance was given, however, that both before and after his trial the 26 year old had been specially examined. One further revelation was that the soldier’s whereabouts as a deserter had been traced with the assistance of his mother. Whilst at liberty Private Ernest Horler had written to his mother in Yeovil, who in turn had passed the envelopes to the military authorities. As a consequence the soldier was traced. It is not difficult to imagine the grief felt by the dead soldier’s relative."
"Private","Hughes","Frank","2nd Battalion Canterbury Regiment New Zealand Expeditionary Force","25th August 1916","Age Unknown","After being found guilty of desertion, 28-year-old Private Frank Hughes was killed by a firing squad in Hallencourt, northern France. He was the first New Zealand soldier executed during the First World War. Born in Gore in 1888, Hughes worked as a builder’s labourer in Wellington before enlisting in the New Zealand Expeditionary Force (NZEF). He left New Zealand with the 10th Reinforcements and arrived in France in late April 1916. A month later he joined the 12th (Nelson) Company, 2nd Battalion, Canterbury Regiment. A heavy drinker, Hughes was soon in trouble. By late July 1916 he had been hauled before his commanding officer three times for ill-discipline. On 26 July a Field General Court Martial found him guilty of ‘absenting himself without leave’ and sentenced him to one year’s imprisonment with hard labour. This sentence was suspended after review and Hughes was issued a final warning. Released from custody, Hughes had only just rejoined his unit in the trenches when he disappeared again on the afternoon of 29 July. Eleven days later military police found him sleeping in an abandoned house in Armentières. Asked what he was doing, he replied: ‘I’ve come for a sleep ... I’ve been away six days.’ On 12 August, Hughes appeared before a Field General Court Martial at Armentières, charged with ‘Deserting His Majesty’s Service’. He pleaded not guilty, blaming his behaviour on alcohol: ‘Owing to the effect of drink I was light-headed and wandered out of the trench. I knocked round town until I was arrested. I intended to give myself up as soon as the Police came to me. While in town I was drinking.’ Despite his protestations Hughes was found guilty and sentenced to ‘suffer death by being shot’. At the end of the trial, he was remanded in custody. His sentence was confirmed by the Commander-in-Chief of the British Expeditionary Force, Field Marshal Sir Douglas Haig, on 22 August. Two days later, Hughes was told his fate. he execution was carried out the next morning in an orchard in the village of Hallencourt. Hughes was led from his cell and placed against a tree. He was offered a blindfold but refused, reportedly saying: ‘Don’t put the bandage over my eyes – I want to see them shoot.’ At 5.50 a.m. the firing squad, made up of men from the New Zealand Pioneer Battalion, opened fire. Hughes was buried in the adjacent Hallencourt Communal Cemetery."
"Lance Corporal","Hughes","George","7th Battalion King's Own Royal Lancaster Regiment","23rd November 1916","Age Unknown","George Hughes is also believed to have been a volunteer. His age and length of overseas service are unknown, though it is clear that he deserted on the Somme. No battalion record has been found to confirm his execution on 23 November, although his unit, 7 Royal Lancaster Regiment, was stationed at the village of Warloy-Baillon where he is buried."
"Private","Hughes","Henry","1/5th Battalion York and Lancaster Regiment","10th April 1918","Age 27","Private Hughes unit was based in a hamlet called Potijze which was on the road that runs from Ypres, across the Frezenburg Ridge, to Zonnebeke in Belgium. Today it is really more an outer suburb of Ypres, but in 1914 it was quite separate, surrounding a large house that was used extensively by medical and artillery units. On  8th January 1918 Hughes was detailed to join a working party in the trenches  near Hussar Camp, Potijze (Ieper) but instead he deserted his unit. Hughes, who was already under sentence death for deserting the previous December, was arrested on 8th February 1918 later at Poperinge a town which is situated about eight miles to the west of Ieper/Ypres. Poperinge at the time  was used by the British Army as a gateway to the battlefields of the northern Ypres Salient. As well as being an important rail centre it was also used for the distribution of supplies, the billeting of troops, for casualty clearing stations and for troops enjoying rest from forward duties. A Field General Court Martial (FGCM) was assembled on 19th March 1918. This form of Courts-Martial  could only be convened if the accused was on active service or was stationed overseas. It had the full powers of a General Courts-Martial, although it could sit with a minimum of only three members, and even with two if no more officers were available. Field General Courts-Martial 's were used almost exclusively for trials on the Western Front during the war, and they imposed a total of over 3,000 death sentences—around 11 per cent of which were actually confirmed. At Hughes' hearing, the Commander of the 148th Brigade described Hughes as ""from a fighting point of view of no value"". He was summarily sentenced to death, a decision that was confirmed by the officers commanding the 49 (West Riding) Division and the XXII Corps and ultimately by the Supreme Commander, Field Marshal Sir Douglas Haig himself. Twenty one days after the Court Martial Hughes was informed that he would be shot the next morning. A Firing Squad under the command of Captain F.G. Smith, the Assistant Provost Marshal of the 49th Division, was assembled and at 5.50 a.m on 10th April 1918, Private Hughes was shot through the heart in accordance with the military code. The execution was carried out at the Klijtebeck stream at Millekapelle. All the trial papers refer to him as No242904 Pte J Hughes. The Commonwealth War Graves Commission commemorates him as No242904 Pte Henry Hughes, the 27 year old son of John Charles and Ellen Hughes of Sheffield. This was the first execution that had taken place in the Division but Henry was the third person from Sheffield to have been executed."
"Private","Hunt","William","18th Battalion Manchester Regiment","14th November 1916","Age 20","Private William Hunt was executed for desertion in November 1916 aged just 20. Despite his young age, Hunt was a regular soldier who had served on the Western Front for roughly two years. He was tried by Field General Court Martial (FGCM) on October 22, 1916, for desertion after absconding from the 18th Manchester's He was said to have had an 'intent of avoiding front-line duty' and a previous conviction for disobedience."
"Private","Hunter","George","2nd Battalion Durham Light Infantry","2nd July 1916","Age Unknown","George went absent again from the 17th February 1916 to the 28th February 1916. He was arrested on the 29th February 1916. He was again tried by a Field General Court Martial. Sentenced to 1 years Hard Labour. Absence without leave.  Hunter was the first of the very few soldiers who managed to cross the Channel to England — where he was arrested. 9th March in the field he was absent without leave. On the 23rd April 1916, George deserted. He was found in Calais and refused to tell the Military Police about his unit or why he was in Calais. George was sentenced to death on the 22nd June 1916. His defence he said that he had a ‘wandering mind’ and his commanding officer had noted on the Court Martial proceedings that he thought that George Hunter was suffering from a mental defect and should go and see a doctor. General Haig confirmed the sentence on the 28th June 1916. At his trial, there were three prosecution witness, Captain A.E. Irvine, 9148 Acting Sergeant F Fothergill and 9637 Sergeant G. Elbourne.  Captain and Elbourne were stationed at Forest Hall, Fothergill was stationed at Wallsend. There were no defence witness listed. George Hunter Jnr., was sentence to death by being shot for Desertion by F.G.C.M. Sentence was duly carried out. Routine Order 1659 dated 7th July 1916."
"Private","Hunter","William","1st Battalion Loyal North Lancashire Regiment","21st February 1916","Age 20","Private William Hunter, a native of North Shields, had served on the Western Front in 1 Loyal North Lancs since 4 January 1915.5 His desertion a year later had been followed by two escapes from custody. Without representation at his trial, and with his previous antecedents, the outlook for Hunter looked bleak – especially in view of the fact that the court heard that he was of little value as a fighting soldier.6 Nevertheless during the review procedure Lieutenant-General Sir Henry Wilson commanding 4 Corps saw fit to recommend that the sentence be commuted. Sir Douglas Haig did not concur and on 21 February Private Hunter was shot. The inscription on his grave in Maroc British Cemetery, France reads: ‘To live in hearts we love is not to die’."
"Rifleman","Hyde","John","10th Battalion King's Royal Rifle Corps","5th September 1917","Age Unknown","Rifleman John Hyde, a conscript from Bow, in London, was serving in 10 King’s Royal Rifle Corps – part of 20 Division. The date of his offence is unknown, but his battalion had been in action in both July and August 1917.20 Seemingly, the soldier had no previous convictions of a serious nature, nevertheless this did not save the unfortunate man."
"Private","Ingham","Albert","18th Battalion Manchester Regiment","1st December 1916","Age 24","Private Albert Ingham and Private Alfred Longshaw were friends before the war as employees of the Lancashire Railway Company of the Salford goods yard. Both were original members of the Manchester Pals. They enlisted together, served together and were executed on the same day for desertion."
"Rifleman","Irish","Arthur (aka Lee. George)","2nd Battalion Rifle Brigade","3rd October 1915","Age 30","Rifleman George Lee and Rifleman W Smith enlisted in the Rifle Brigade in April 1915. The two men were old soldiers75 and consequently were sent to the front after minimal retraining. Both men had served their time on the Army Reserve and in essence were volunteers. Lee had joined up under a false name, his correct surname being Irish, although the Army was not aware of the fact, nor that the 30 year old had served for 12 years in another regiment. Smith was 37, and had served in the Boer War. On 22 August their battalion, 2 Rifle Brigade, was in rest, when the two men got drunk and went absent. Six days later they walked into the British Consulate at Dunkirk and gave themselves up. Lee was dressed in a blue coat and dungarees and in his possession was a workman’s pass. At the trial of the two men the court heard that Lee was under a suspended sentence for a previous absence, but in mitigation the rifleman stated that he had a dependent widowed mother. However, after considering the evidence the court martial panel found both men guilty, but attached a recommendation for mercy on account of the men’s previous good work in the trenches. In due course the recommendations were ignored and the sentences were confirmed; being carried out on 3 October. Lee's (Irish) widowed mother lived at Salisbury, but never learned the truth about her son’s death. A kindly member of staff at the Infantry Records Office fudged the notification of her son’s death and told her that the soldier had been killed in action during the Battle of Loos. (This cause of death is recorded in the register of Sailly-sur-la-Lys Canadian Cemetery, France.)"
"Lance Corporal","Irvine","William","1st Battalion King's Own Royal Lancaster Regiment","20th April 1915","Age 19","Lance Corporal Irvine had enlisted in July 1914. After two months training Irvine was drafted to France in mid-September, but deserted a month later on 13th October, after his battalion had been in action at Meteren. The soldier then made his way to Boulogne where he give himself up to the authorities on 28th December. He escaped from custody on 21 January, and was arrested again in Boulogne on 31st January. Irvine escaped and was again recaptured before his court martial, where he was found guilty of desertion, stealing goods from a comrade, and attempting to escape. After spending his nineteenth birthday in custody he was executed."
"Corporal","Ives","Frederick","3rd Battalion Worcestershire Regiment","26th July 1915","Age 30","Corporal Frederick Ives (12295) 3rd Battalion Worcestershire Regiment. Corporal Ives had only been in France just over a month when on the 15th September 1914 he went absent without permission during the fighting on the Marne. He was already on remand for an earlier offence. Ives managed to avoid capture for 9 months. He was eventually arrested on the 24th June 1915 by an officer of the Army Veterinary Corps. At the time he was wearing civilian clothes. Ives court martial took place on the 7th July 1915, and in his defence he stated that he had suffered memory loss due to shell fire. Although he was found guilty of desertion and sentenced to death, the members of the court martial recommended mercy on the grounds that he might be telling the truth. However, his sentence of death was confirmed by the Field Marshal and he was shot by firing squad with 4 other deserters from the 3rd Battalion on the ramparts of Ypres on the 26th July 1915. He was 30 years of age. He was originally buried at the Ramparts Cemetery but was later transferred to the Perth Cemetery (China Wall), Belgium which is 3 Km east of Ypres town centre (Grave number I.G.41). For some strange reason the Commonwealths War Graves Commission shows the date of death incorrectly as the 22nd July 1915. This error may have been made as he was tried and sentenced week before the other men of the 3rd Battalion who were executed the same day."
"Private","Jackson","Ernest","24th Battalion Royal Fusiliers","7th November 1918","Age 32","On the 7th November 1918, just four days before the armistice, Privates Louis Harris and Ernest Jackson were shot at dawn for desertion and cowardice. They were the last British soldiers shot for military offences in the First World War. Pte. Jackson (24th Battalion Royal Fusiliers) had been conscripted in July 1916 and sent to France in November of that year. In April 1917, Jackson went AWOL, Absent Without Leave, for 28 hours, and for this was sentenced to two years in prison. Usually these types of sentences were suspended, in Jackson’s case however, he spent 16 months in prison. He returned to his Battalion in August 1918, but on 29th September he had gone AWOL again near Flesquieres, whilst waiting to be transported to a military hospital via field ambulance. He was found and arrested by military police and returned to his unit at Noyelles on 3rd October where, just a few hours later, he vanished again and was arrested near Douellen the next day. His weapons and equipment were found on 8th October, close to where Jackson had disappeared. Jackson faced a Field General Court Martial (FGCM) on three charges; going AWOL on 29th September, desertion on 3rd October, and ‘shamefully casting away his arms, ammunition and equipment in the presence of the enemy’ on 4th October. Going AWOL was not an executable offence, but the desertion and casting away of arms were. At his tribunal, Jackson stated he left ‘because I could not stand the treatment I was receiving. I wanted to get away from everything…I have been looked down on by everyone and that is the cause of my being here today.’ His Company Sergeant Major also called him a ‘gaol-bird’ in front of everyone in the company and promised to make Jackson’s life ‘a misery’. He added that both his mother and father had died in insane asylums and revealed that he himself suffered from mental health issues ‘caused by worries'. The FGCM showed no leniency to Jackson, nor did his Commanding Officer, who stated that ‘cowardly conduct of this kind should be made an example of.’ He was taken to the small village of St Python in Northern France, and was shot at 06:10, aged 32. Jackson was buried at Romeries Communal Cemetery, Nord, France."
"Private","Jefferies","Alfred","6th Battalion Somerset Light Infantry","1st November 1916","Age Unknown","Alfred Jefferies, a member of the Somerset Light Infantry, was court-martialled in 1916 following his absence after leaving the trenches at the Battle of the Somme. His great-great-nephew, David Jefferies, said no one in the family was aware of how he had died and had been horrified when they learned the truth. A garland was placed at a park near to where Jefferies had resided. He was one of the first to enlist after the war started, but in his first year, he was hospitalized for shell shock and an eye injury. By 1916 he was with the Somerset Light Infantry’s 6th Battalion and was unmistakably bewildered, according to Geoff Woolfe, a Bristol Radical History Group member. He wandered from the reserve trenches just before going into action the following day, he said He was detained at Le Havre, and ultimately court-martialled for attempted desertion and sentenced to execution. As far as they can tell Jefferies was the only soldier from Bristol who was executed for cowardice or desertion, Geoff Woolfe explained. The local newspaper said he had been killed while in combat, BBC News reported. David Jefferies said he was very distressed because his family knew nothing about how he had met his death. He does not know if the family refused to talk about it or whether they just were not aware. He knows his grandparents were not aware of it.  His father was not, so it is all news to them."
"Private","Jennings","John","2nd Battalion South Lancashire Regiment","26th June 1916","Age Unknown","Private John Jennings and Private Griffith Lewis, had left Lancashire on 25 October 1915 on a draft bound for 2 South Lancs. In London the party left their kit at Waterloo Station before marching to the Union Jack Club, where they were allowed to fall out. When the draft was reassembled Jennings and Lewis were absent. Nothing further was seen of the duo until they were arrested by Shoreditch police on 18 May 1916.86 The two men were handed over to a military escort and then shipped out to their battalion which was billeted in a back area on the Somme. Their court martial took place on 20 June and confirmation of the two death sentences came quickly. Six days later, at 4 o’clock on the morning of 26 June, the sentences were carried out at the village of St Ouen – by a squad from the men’s battalion. Jennings and Lewis are buried side-by-side in Norfolk Cemetery at Becourt-Becordel, having been re-interred after the war."
"Private","Johnson","Frederick","2nd Battalion Border Regiment","1st August 1918","Age Unknown","Private Frederick Johnson and Private Harry McClair had enlisted together in the Border Regiment. Towards the end of 1915 the two men had been posted to 2 Battalion on the Western Front. The date when they absconded is not known, but when they were arrested in the summer of 1918, they must have been absent for some considerable time, because their division (the 7th) had been transferred to Italy at the end of 1917. Between their trial and confirmation of their sentences, the two middle-aged Scots were held at Caserne Pepinière in Paris. On 31 July they were enjoying a boisterous game of football with other soldiers when they were informed by a cavalry officer that they would be executed on the following day. By arrangement with the French authorities, the pair were transferred to Vincennes, where the former had already executed 27 spies and traitors."
"Private","Jones","John","1st Battalion Northamptonshire Regiment","24th February 1916","Age 21","On the 8th October 1915 Jones’s battalion was in the front line at Mazingarbe (This is during the Battle of Loos). The Germans launched a bombardment and attempted to regain their old trenches. They were however beaten off and the Northampton's began preparations for a further advance. On the 11th October Jones made off whilst on sentry duty. He was recaptured but managed to make good his escape and remained at large until 3rd February 1916. His plea that his sergeant victimised him fell on deaf ears at the subsequent trial. His escape from custody weighing against him.On the 11th October Jones made off whilst on sentry duty. He was recaptured but managed to make good his escape and remained at large until 3rd February 1916.His plea that his sergeant victimised him fell on deaf ears at the subsequent trial. His escape from custody weighing against him."
"Private","Jones","Richard","6th Battalion South Lancashire Regiment","21st February 1917","Age 40","Pte Richard Jones was serving in Mesopotamia with 6th Battalion South Lancashire Regiment. On 21 January 1917 at 12.30 p.m. he was found to be missing, although his rifle and equipment were found. On the same day Jones reported to No. 39 Field Ambulance complaining of sore feet, but he did not have a sick report from his unit and the doctor found nothing wrong with him, and told him that he would be returned to his battalion later in the morn-ing. Later Jones complained of dysentery, but the doctor examined his stools and found no sign of this condition. At the trial the MO of 6th South Lancs gave evidence that Pte Jones had not reported to him sick either on 21 January or at any date prior to that. The next morning an NCO of the RAMC escorted Jones back to the transport lines of his battalion. Later, when put on parade, he was found to have no rifle or equipment and a transport officer detained him whilst further investigations were made. However, during the night of 22-23 January Jones escaped and on the 23rd was picked up at Imam, trying to obtain a railway warrant. No witness to this event was called at the trial. Instead the court accepted a written statement from Capt. Guthrie at Imam. This was headed: Certified that No. 10764 PteR MJones 6th Battalion South Lancashire Regt, was apprehended by the Military Authorities at Imam on the 23 January 1917: Under this, Capt. Guthrie wrote that on the afternoon of 23 January 1917 Pte Jones had asked for a rail warrant to Sheikh Saad. The officer was suspicious, as Jones had no rifle or equipment, and arrested him pending further investigations. This evidence was, in fact, inadmissible and should have been given in person by the officer. Pte Jones, who was not defended, did not challenge or deny this evidence-in fact, Jones did not challenge any of the evidence, and in his defence only said that when he reported sick his feet were sore and he had been feeling very poorly for several days. His case was not helped by his field conduct sheet, which showed six episodes of absence during the previous year. Despite the confused nature of the evidence, the court decided that Pte Jones had intended desertion and sentenced him to death."
"Private","Jones","William","9th Battalion Royal Welsh Fusiliers","25th October 1917","Age Unknown","Private William Jones was a volunteer in 9 Royal Welsh Fusiliers – the private having served as a stretcher bearer in France since July 1915. Accounts differ about whether the private had been of good character during the two year period before his fatal absence. Anthony Babington maintains that Jones’ company commander stated that the private had proved himself a good soldier; however, army records show that the Welshman was serving under a suspended sentence of death for desertion.39 Whatever the truth, Private Jones disappeared on 15 June 1917 whilst taking a wounded man to the dressing station. The next the army heard of him was on 4 September when he surrendered to the assistant provost-marshal at Bristol. He told the officer that he had been wounded at the front before being evacuated to England. Evidence given at the trial supposedly discredited this story. Quite why Jones gave himself up is not known. The proliferation of his family name would certainly have made his detection difficult. In fact it would have been distinctly to the man’s advantage not to use an alias."
"Gunner","Jones","William","43rd Battery Royal Field Artillery","20th April 1915","Age Unknown","Gunner William Jones of 43 Battery, Royal Field Artillery was shot for desertion on 20 April and five days later Driver John Bell of 57 Battery, Royal Field Artillery was shot for the same offence. The theory that one man could be selected to be shot as an example to others would seem to have been unsustainable when, on 22 April, the fifth double execution of the war took place. The condemned men, both privates from 1 Royal Welsh Fusiliers, had been convicted of desertion."
"Private","Kerr","Henry","7th Battalion Canadian Expeditionary Force","21st November 1916","William","Private Henry Kerr had enlisted in his home town of Montreal on 10 June 1915. Originally training with 60 Battalion he sailed with first reinforcing draft after ten weeks’ training. One year on the Western Front serving with 7 CEF, coupled with the ferocity of the Somme fighting was as much as he could stand. A fortnight after his trial for desertion, Kerr was shot in a bleak and windy spot near Vimy Ridge. In the third week of November two NCOs fell victim to the extreme penalty. Little is known about the man, he was a deserter and had gone absent on the Somme."
"Private","Kershaw","James","1st Battalion King's Own Royal Lancaster Regiment","26th April 1915","Age Unknown","Private Kershaw was a regular soldier, and had served in India before the war. After fighting in some of the early engagements in 1914 Kershaw decided enough was enough and deserted. He was detained on 29th November, escaped from captivity on 3rd December and fled to Paris, where he was arrested on 2nd January 1915. He was taken to Rouen from where he again escaped, reaching Calais on 26th February he was arrested for the last time. At his trial Kershaw claimed that he had a history of nervous trouble and heart failure. Despite a medical examination, the soldier's fate had been sealed by his catalogue of escapes. He was condemned to be shot. Private Kershaw is buried in Le Grand Beaumart British Cemetery, France."
"Private","King","John","1st Battalion Canterbury Regiment New Zealand Expeditionary Force","19th August 1917","Age 32","Private King and two other absentees were arrested at 10 pm on 23 July by Sergeants Hots and Hainsworth of the New Zealand Military Police. King stood trial on 5 August before Major Shepherd, president of the court martial and Captains L G O’Callaghan and J P O’Sullivan. The story that King related to the court was that during his absence he had spent all his time drinking. Indeed the evidence given would suggest that the Australian was probably an alcoholic. However, genuine medical ailments were rarely considered mitigating factors, and events moved swiftly as three days after the trial Sir Douglas Haig confirmed the sentence of death. Private King’s execution, on 19 August, was carried out by his battalion at 5.30 am, and his body buried in Trois Arbres Cemetery, in the village of Steenwerck where he had roamed. 32 year old King left three children, who were in the care of his mother in Australia."
"Privates","Kirk","Ernest","1st Battalion West Yorkshire Regiment","6th March 1915","Age Unknown","Private Ernest Kirk. was executed by a firing squad from his own battalion. The shooting took place at the Asylum at Armentiéres during the first week of March. The eyewitness recalled the events: ‘I witnessed a scene I shall never forget. Men I had known for years as clean, decent, self-respecting soldiers, whose only offence was an occasional military “drunk”, screamed out, begging not to be made into murderers. They offered me all they had if I would not take them for the job, and finally, when twelve of them found themselves outside, selected for the dreaded firing party, they called me all the names they could lay their tongues to. I remained with the guard for three days, and I leave you to guess what I had to put up with. I am poor, with eight children, I would not go through three more [sic] such sights for £1000. Private Kirk is buried in Chapelle d’Armentieres Old Military Cemetery"
"Private","Kirman","Charles","7th Battalion Lincolnshire Regiment","23rd September 1917","Age 32","Pte Charles Kirman of the Lincolnshire Regiment had served nine years in the Army then left to take a job in civvy street. He got married and started a family. When war was declared, Kirman was recalled to the Army. He fought at, and was injured in, battles at Mons and the Somme. Pte Kirman went AWOL (absent without leave) in November 1916, to visit his wife and children. Branded a coward when he surrendered to Military Police a couple of days later, he was court-martialled. At the age of 32 he was sentenced to death and in September 1917 he was shot at dawn. His family believed he had been suffering from shell-shock  and his descendants campaigned to clear his name. Over 87 years later, the villagers and councillors finally reached an agreement with each other, that his name should be included, and fund-raising for a suitable memorial began. Fulstow Village Hall had been built in honour of the three men and two women of Fulstow who had been killed in WWII, but it held no reference to the WWI casualties. In November 2005 a polished green granite commemorative plaque to all — including Pte Charles Kirman, was finally unveiled at Fulstow Village Hall. There were enough funds left over for an identical plaque to be installed at St Lawrence's Church, where a service took place on Armistice Sunday 2005, the first in living memory"
"Private","Knight","Harry","1st Battalion Royal West Surrey Regiment (The Queen's)","6th October 1918","Age Unknown","1918: Private Harry James Knight, deserter  “Owing to the state of my nerves, I find that I cannot carry on as I should. I’ve tried my best all through but four years has been a little too much. ”British Private Harry James Knight of the  Queen’s (Royal West Surrey) Regiment 1st Battalion — shot as a deserter on October 6, 1918, five weeks before the armistice."
"Private","Lalancette","Joseph","22nd Battalion Canadian Expeditionary Force","3rd July 1917","Age 21","As the 22nd Battalion prepared for the assault on Vimy Ridge, two individuals, whose record of conduct already tainted by several absences, left their posts and ran away: Joseph Lalancette and Gustave Comte 448160. Pte Lalancette sentenced to death (desertion) on 5 April 1917 prior to the attack on Vimy Ridge. Both Lalancette and Comte absent for more than a month before captured. Court-martialled for desertion in the face of the enemy, found guilty and sentenced to death. Shot together on 3 July 1917 and buried side by side in Aix-Noulette Communal Cemetery Extension."
"Private","Laliberte","Pierre-Come","3rd Battalion","4th August 1916","Age 20","Private Pierre-Côme Laliberté was a Canadian soldier executed by a firing squad during World War I. Born in Québec in 1896, he served with the 3rd Battalion, Canadian Infantry. After leaving his ranks and refusing to advance during the 1916 battles at Mount Sorrel, he was court-martialled for desertion and executed on August 4, 1916."
"Driver","Lamb","Alexander","2nd Brigade Royal Field Artillery","2nd October 1915","Age Unknown","Driver Alexander Lamb had been sent to France with a draft bound for 21 Battery, 2 Brigade Royal Field Artillery, in October 1914. On 19 October at Boulogne he absented himself from the train that would have taken him to the front. The soldier’s liberty ended on 19 June when he was arrested in Calais, where he had been living with a woman. When searched Lamb was found to have civilian clothing in his possession. For some reason which is not apparent three months passed before Lamb was brought to trial – but within a fortnight the sentence was confirmed and carried out. Driver Lamb was executed at Vlamertinghe, in Belgium, on 2 October."
"Corporal","Latham","George","2nd Battalion Lancashire Fusiliers","22nd January 1915","Age 23","Latham presented a convoluted and incredible defence that was not believed at his court martial. On 22 January 1915 he became the first Non-Commissioned Officer (NCO) to be executed for long-term desertion from the BEF"
"Private","Lawrence","Ernest","2nd Battalion Devonshire Regiment","22nd November 1917","Age 21","Private Ernest Lawrence was a 21-year-old British soldier executed by firing squad for desertion during World War I on November 22, 1917. He was a Private in the 2nd Battalion of the Devonshire Regiment and is buried in Ypres Reservoir Cemetery in Belgium. Lawrence deserted his post three times between May and August 1917, each time travelling to Rouen where he was ultimately apprehended. A Field General Court-Martial was held in Ypres on November 7, 1917, where he faced multiple charges of desertion. He was sentenced to death and shot in Ypres Prison"
"Corporal","Lewis","Charles","12th Battalion Highland Light Infantry","11th March 1916","Age Unknown","Having been warned for duty on 23rd January 1915 whilst resting at Noeux les Mines, Lewis went absent. He was arrested at Thiennes on 10th February by members of the 19th Durham Light Infantry. Lewis gave numerous different accounts during his detention, wavering between being American (He was born in Butte City, Montana according to the Scottish War Memorial Project) or Canadian, to having worked in Canada. He stated that he had been blown up by an industrial explosion and that this had left him prone to moments of forgetfulness. Medical examinations could find nothing wrong with him, and his plethora of accounts seemed to suggest that he knew what he was doing when he had gone absent — at the very moment he had been warned for the trenches."
"Private","Griffiths","Lewis","2nd Battalion South Lancashire Regiment","20th June 1916","Age Unknown","Private Lewis Griffiths (service number 549) was a British soldier executed for desertion during World War I. He served in the 3rd Battalion (attached to the 2nd Battalion) of the South Lancashire Regiment. He was executed by firing squad on 26 June 1916. His grave is located at Mazingarbe Communal Cemetery & Extension in France"
"Private","Lewis","John","5th Battalion Dorsetshire Regiment","19th April 1917","Age 21","Private John Lewis (Service No. 15094) of the 5th Battalion, Dorsetshire Regiment, was executed by firing squad for desertion on April 19, 1917, at the age of 21. He is buried at the Forceville Communal Cemetery and Extension in the Somme, France. His execution occurred under the following circumstances: In January 1917, while his battalion was moving up to support trenches near St. Pierre Divion, Private Lewis and his friend Private William Anderson deserted. In an unusual turn of events, the pair managed to make it all the way back to the UK. They were apprehended by military police in Barking (Lewis's hometown) on January 30, 1917, while still wearing their uniforms. Following their arrest, they were returned to France, tried for desertion, and sentenced to death. Private Lewis was executed on April 19, 1917"
"Private","Ling","Wilson","2nd Battalion Canadian Expeditionary Force","12th August 1918","Age 22","Private Wilson Norman Ling was a Canadian soldier who was executed by firing squad for desertion during World War I. He was shot at dawn on 12 August 1918 at the age of 22. Ling enlisted on 7 May 1915 in Lindsay, Ontario, initially joining the 59th Battalion before being sent to France as a reinforcement for the 2nd (Eastern Ontario) Battalion. He had a troubled military record, being reprimanded multiple times, forfeiting pay, and serving time in detention. On 21 June 1917, Ling went absent without leave. He evaded authorities for nearly a year until he was arrested by military police in Mazingarbe, France. Upon his arrest, he attempted to use a false name and was found in possession of another soldier's paybook. A military court found him guilty of desertion and sentenced him to death by shooting. At the time, the public back home was misinformed, as the Toronto Star reported that he had ""died of wounds"". His remains are located at the Cerisy-Gailly Military Cemetery in the Somme, France (Plot II, Row N, Grave 20). Ling was one of 23 Canadian soldiers executed during the war who were later formally pardoned by the government. His name was officially added to Canada's First World War Book of Remembrance."
"Private","Loader","Frederick","1/22nd Battalion London Regiment (The Queen's)","19th August 1917","Age Unknown","Private Frederick Loader (Service No. 683458) was a soldier in the 1st/22nd Battalion of the London Regiment. He was executed by a firing squad in Belgium on August 19, 1917, after being court-martialled for desertion. Loader had absconded during a fighting patrol in the heavily contested Bluff sector on June 6, 1917. Prior to this incident, he was already serving under a suspended sentence of death and was described as a traumatized and scared soldier. He was apprehended, tried by a Field General Court Martial, and executed beside the Reninghelst-Locre road at 4:40 a.m."
"Private","Lodge","Harold","19th Battalion Canadian Expeditionary Force","13th March 1918","Age 22","Private Harold Edward James Lodge was a Canadian World War I soldier executed by firing squad for desertion on 13 March 1918. Serving with the 19th Battalion of the Canadian Infantry, he was one of 23 Canadian Expeditionary Force volunteers executed for military offences during the war. On 3 November 1917, while his battalion was moving toward the front lines during the brutal Battle of Passchendaele, Lodge requested permission to ""fall out"". When his request was refused, he fled the unit. Lodge managed to evade authorities for over a month. He was eventually captured in Boulogne, where he was masquerading as a corporal in the Red Cross. After eight days in custody, he escaped again, only to be caught early the following year while stowed away on a ship preparing to sail. Following a military court-martial, he was sentenced to death and executed. At the time, his local home town newspaper, the Toronto Evening Telegram, falsely reported that he had been ""Killed in action"" to spare his family the stigma of his execution"
"Private","Longshaw","Alfred","18th Battalion Manchester Regiment","Ist December 1916","Age 21","Private Alfred Longshaw was a British soldier who was executed by firing squad for desertion during World War I. He was shot at dawn at 7:12 a.m. on 1 December 1916 at the age of 21. Born in 1895 in Pendleton, Salford. He worked as a railway clerk for the Lancashire and Yorkshire Railway Company at the Salford goods yard. He volunteered early in the war, joining the 18th Battalion, Manchester Regiment (known as the ""Manchester Pals"") alongside his close friend and colleague, Albert Ingham. Longshaw endured severe trench warfare, fighting with his battalion through the horrors of the Battle of the Somme in 1916. Following intense combat and suffering from severe battle fatigue (what is now recognized as PTSD), Longshaw and Ingham decided they could no longer endure the trenches. Additionally, Longshaw was deeply distressed by news that his young wife, Mary Frances, was critically ill back home. In October 1916, the two friends absconded. They travelled to the French coast and managed to hide on a ship in Dieppe, hoping to cross back to England, see their families, and then enlist in the Royal Navy under assumed names. They were discovered before the vessel departed, arrested, and placed on trial before a court-martial. Despite their clean previous service records and pleas for leniency, they were sentenced to death. Longshaw and Ingham were executed simultaneously on 1 December 1916. To spare the families the social stigma of execution, military authorities initially covered up the truth, falsely informing Longshaw's family that he had ""died of wounds"". The two friends are buried side by side in graves B.12 and B.13 at the Bailleulmont Communal Cemetery Extension in Pas-de-Calais, France. Longshaw's name is also commemorated alongside Ingham's on the war memorial at Manchester Victoria Station"
"Private","Lowton (aka Lawton).","George","17th Battalion Notts and Derby's Regiment (Sherwood Foresters)","30th July 1916","Age 36","Private George Henry Lawton (frequently recorded as George Henry Lowton) was a British soldier executed by firing squad for cowardice during World War I. He was shot at dawn on 30 July 1916 at the age of 36. He served as a Private (Service Number 15251) in the 17th Battalion, Sherwood Foresters (Notts & Derby Regiment). Before enlisting, he worked as a grain carter. He was a married man from Nottingham with five children. Lawton was court-martialled and charged with cowardice, wilful defiance, and quitting his post. During his hearing, the court heard that Lawton had previously been buried alive for four hours after an enemy shell collapsed his dugout. Despite receiving a sympathetic hearing and an initial recommendation for mercy due to this trauma, the death sentence was ultimately upheld and carried out"
"Private","MacDonald","Harry","12th Battalion West Yorkshire Regiment","4th November 1916","Age 34","Private Henry ""Harry"" MacDonald was a British soldier executed by a military firing squad during World War I. He was shot for desertion and cowardice on Saturday, 4 November 1916, after suffering severe combat trauma. MacDonald was a veteran of the Boer War who volunteered out of patriotic duty for WWI. He survived the gruelling Gallipoli campaign before being transferred to the Western Front. While fighting at the Battle of the Somme in 1916, MacDonald was buried alive by a German shell blast. Despite this severe trauma, he was given only a brief rest before being ordered back to the front lines. Suffering from what is now understood as Post-Traumatic Stress Disorder (PTSD) or ""shell shock,"" MacDonald walked away from the trenches toward the coast. He was arrested, court-martialled, and sentenced to death. Although the court initially recommended clemency, high-ranking military authorities rejected the plea. An army doctor dismissively declared that MacDonald had merely suffered ""an attack of cowardly imagination"". He was strapped to a chair and executed at the age of 33, leaving behind a pregnant wife in Keighley, West Yorkshire"
"Lance Corporal","MacDonald","John","19th Battalion Durham Light Infantry","18th January 1917","Age 28","Lance Corporal John McDonald was a British World War I soldier who was executed by firing squad for ""quitting his post"" on 18 January 1917. He was later granted a posthumous pardon by the British government in 2006. John McDonald (sometimes spelled MacDonald) served with the 19th Battalion, Durham Light Infantry (DLI). His unit was a ""Bantam"" battalion, which was specially designated for soldiers who were under the normal army height requirement. On 26 November 1916, during a confusing and heavy German trench raid at Roclincourt, France, a superior officer was killed. In the chaos, McDonald and fellow Lance Corporal Peter Goggins retreated approximately 20 yards to a reserve trench line, allegedly following an order from a sergeant to fall back and warn their comrades. McDonald and Goggins were arrested by military police and charged with leaving their posts without orders. Their sergeant, Joseph Stones, was charged with ""shamefully casting away his arms"" after jamming his rifle across a trench to slow down the enemy rush. They were tried at a court martial on Christmas Eve 1916. Despite testimonies from other officers stating McDonald was a brave soldier who was not capable of cowardice, they were found guilty. Brigadier-General H. O'Donnell and Field Marshal Douglas Haig confirmed the death sentences, stating the executions were necessary to ""set an example"" to a shaken battalion. At 7:36 AM on 18 January 1917, McDonald, Goggins, and Stones were blindfolded, tied to stakes, and executed by a British firing squad in Rouellecourt, France. McDonald was 28 years old"
"Private","Mackness","Ernest","1st Battalion Cameronians (Scottish Rifles)","1st October 1917","Age 25","Private Ernest Mackness was a British soldier who was executed by firing squad for desertion on 1 October 1917 during the First World War. He is laid to rest on the north side of the Blaringhem Churchyard in the Nord department of France. Despite his execution, historical military records show his father was granted a war gratuity on 2 April 1918."
"Sapper","Malyon","Frederick","12th Company Royal Engineers","4th April 1917","Age Unknown","Sapper Frederick Malyon of 12 Company Royal Engineers. It is known that at the time of his offence he was attached to the Royal Field Artillery, and his army number would suggest that he was well above the average age of those executed for military offences. No details have been discovered about his desertion, the only further information being that he was shot at Noeux-les-Mines on 4 April. On the day that America joined the war"
"Lance Corporal","Mamprusi","Allassan","Gold Coast Regiment","28th April 1917","Age Unknown","Lance Corporal Allassan Mamprusi was a soldier in the Gold Coast Regiment of the West African Frontier Force (WAFF) who was executed by firing squad for cowardice during World War I. Part of the Gold Coast Regiment, West African Frontier Force. While Mamprusi's unit had been successfully engaging and ambushing German colonial patrols in East Africa, he found the intense psychological stress of combat overwhelming and was accused of cowardice. Following a court-martial, Mamprusi was sentenced to death and executed just three days after his trial. Because he was ""Shot at Dawn"" by military execution, his name is included on historical lists of World War I colonial troops executed under British military authority. He is commemorated alongside other fallen soldiers on the Kumasi Memorial in Ghana"
"Private","Martin","Harry","9th Battalion Essex Regiment","20th March 1916","Age Unknown","He enlisted in Sept 1914, under the name of Harris & went to France in May 1915.  He was initially enthusiastic, but disenchantment set in after his first spell of front-line duty. Just before Christmas, at Givenchy, Harris was wounded in the back by the explosion of a German mine, but returned to his unit from hospital on 19 Jan. On the morning of 13 Feb, at Sailly la Bourse, Harris reported to a senior NCO, saying that he had been sent from the trenches suffering from the shock from a rifle-grenade; that he had failed to find a dressing-station the previous night; & that he had spent the night at Vermelles.  He was taken to see a doctor, who however   said that Harris was fit for duty.  (The doctor in question was to say at trial that Harris complained of deafness; but that he had found him to be suffering from no appreciable disease, or from nerves). Harris was sent with a note, & ordered to report to the Adjutant in the trenches; went off at about 1000-1030 in that direction, but made no such report. On 13 Feb, at about 1100, Harris was seen by a Corporal at the farm where he was billeted, saying that he had just come out of hospital.  Later that day, he was arrested when he finally said that his regiment was in the trenches.  His French landlady said that Harris had arrived between 1500 & 1600, telling her that ‘….the Germans had been bombing our trenches & he had left them & was going to England’. At trial, Harris testified, saying: ‘I left the trenches because 3 rifle-grenades exploded near me. I was deafened & my nerves had gone a bit’. When ordered back to the trenches, he had felt nervous  & lost his head, ending up at his billet, thinking to return to duty after a few days.  Under cross-examination, however he admitted his intention not to return until the company came out of the trenches. Following conviction, his good character was proved, but in vain. Private Harry Martin, 9th Bn. Essex Regiment, executed for desertion 20th March 1916."
"Private","Mayers","James","1/13th Battalion London Regiment (Kensington)","16th June 1917","Age Unknown","Private James Mayers (Service Number 492050) was a British soldier executed for desertion during World War I on 16 June 1917. He served in the 1st/13th (Kensington) Battalion of the London Regiment. He was one of the 306 British and Commonwealth soldiers ""shot at dawn"" for military disciplinary offences, most of whom were posthumously pardoned by the British Ministry of Defence in 2006. He was the son of Mrs M. E. Mayers and lived at 193 Morning Lane, Hackney, London. Mayers arrived on the Western Front in France in September 1916 as part of the replacements sent to cover heavy losses from the Battle of the Somme. Before the incident that led to his death, he had already received a death sentence for quitting his post, which the military high command had commuted to a suspended sentence so he could be sent back to the front lines. After a subsequent desertion, his suspended sentence was enacted. He was executed by firing squad at the age of 25. His remains are located at the Achicourt Road Cemetery near Pas-de-Calais, France,"
"Rifleman","McBride","Samuel","2nd Battalion Royal Irish Rifles","7th December 1916","Age Unknown","Rifleman Samuel McBride was a British soldier executed for desertion during World War I. He was shot by a firing squad in the pre-dawn darkness on 7 December 1916 at Hope Farm, located near Ploegsteert Wood in Belgium. McBride served with the 2nd Battalion, Royal Irish Rifles. After enduring heavy fighting and intense German artillery shelling, he went missing from his unit for four months. At his court-martial, McBride lacked legal representation. He defended himself by stating he was exhausted, suffering from severe headaches, and sore all over. Two sergeants from his battalion testified in his support, noting he had a history of volunteering for dangerous tasks. The military authorities chose to make an example of him to deter other soldiers from abandoning their duties, ignoring his clear medical distress. Modern assessments by historians and government officials indicate his symptoms closely matched what is now recognized as shell shock(Post-Traumatic Stress Disorder). He is buried at the Hyde Park Corner (Royal Berks) Cemetery in Comines-Warneton, Hainaut, Belgium"
"Private","McClair","Harry","2nd Battalion Border Regiment","1st August 1918","Age Unknown","Private Harry McClair and Private Frederick Johnson had enlisted together in the Border Regiment. Towards the end of 1915 the two men had been posted to 2 Battalion on the Western Front.72 The date when they absconded is not known, but when they were arrested in the summer of 1918, they must have been absent for some considerable time, because their division (the 7th) had been transferred to Italy at the end of 1917. Between their trial and confirmation of their sentences, the two middle-aged Scots were held at Caserne Pepinière in Paris. On 31 July they were enjoying a boisterous game of football with other soldiers when they were informed by a cavalry officer that they would be executed on the following day. By arrangement with the French authorities, the pair were transferred to Vincennes, where the former had already executed 27 spies and traitors."
"Private","McColl","Charles","1/4th Battalion East Yorkshire Regiment","28th December 1917","Age 26","Private Charles Frederick McColl (Service No. 11/81) of the 1/4th Battalion, East Yorkshire Regiment, was executed by a British Army firing squad for desertion on 28 December 1917 at the age of 26. He joined the 11th East Yorkshire Regiment in 1914, serving in Egypt before being deployed to the Western Front. In September 1916, near Neuve Chapelle, McColl was buried by an exploding shell. He was invalided back to the UK suffering from severe trauma, officially noted as ""heart failure and nervousness"" (what is today recognized as Post-Traumatic Stress Disorder or shell shock). He was sent back to France without receiving a medical clearance examination and was re-assigned to the 1/4th Battalion.  McColl struggled significantly upon his return to active duty, leading to a succession of disciplinary issues. He went absent without leave, was caught in Étaples, and received a suspended 10-year prison sentence on the condition he return to the front. He absconded again, was caught three miles behind the lines, and was sentenced to 90 days of Field Punishment No. 1. On 28 October, during the brutal Third Battle of Ypres (Passchendaele), McColl abandoned his weapon and equipment in the support trenches near Houlthulst Forest. He fled to Calais, where he was arrested on 1 November after attempting to sneak into a rest camp to return to England.  During his court-martial, McColl pleaded ""not guilty"". He was not represented by legal counsel. He explained to the panel that his nervous condition made it impossible to control himself while under fire in the trenches. No medical examination was ordered to review his mental health, and he was sentenced to death. He was held at Brandhoek before being moved to Ypres, where he was informed his death sentence was confirmed. At dawn on 28 December 1917, he was strapped to a chair in front of a 10-man firing squad made up of soldiers from his own platoon. Five men were given live ammunition and five were given blanks so no individual would definitively know who fired the lethal shot. Following his execution, McColl’s military medals were forfeited and his family was denied a war pension. He was buried in the Ypres Reservoir Cemetery in Belgium"
"Rifleman","McCracken","J F","15th Battalion Royal Irish Rifles","19th March 1916","Age 19","On 27 February the trials of two soldiers from the same battalion, 15 Royal Irish Rifles took place. It is significant that one of the men, who had a history of previous convictions, was unrepresented at his trial. Rifleman McCracken and Rifleman Templeton both came from Belfast and had served with the battalion since it arrived in France the previous October. McCracken, who was aged 19 years, and Templeton were both tried for desertion, the only military offence for which soldiers were executed during the first quarter of 1916. The court heard that McCracken had three previous convictions, two involving absence. The duo were executed side-by-side on 19 March and were buried at Mailly-Maillet."
"Private","McCubbin","Bertie","17th Battalion Notts and Derby's Regiment (Sherwood Foresters)","30th July 1916","Age Unknown","Private Bertie McCubbin was a British soldier who was executed by firing squad for military offences during the First World War. He was executed at dawn on 30 July 1916 at the age of 22. McCubbin served in the 17th Battalion, Sherwood Foresters (Nottinghamshire and Derbyshire Regiment). He volunteered early in the war and had been serving in the frontline trenches for four months by July 1916. On 7 July 1916, while stationed near Aubers Ridge, McCubbin refused an order to go into No Man’s Land to occupy a listening post. He was charged with ""misbehaviour before the enemy in such a way as to show cowardice"" and ""wilful defiance"" for disobeying an officer. McCubbin stated that a recent close-range shell burst had ruined his nerves. He argued his refusal was due to extreme nervousness from continuous bombardment rather than blank defiance, stating, ""If I go over, I shall be a danger to the other man who is out there as well as to myself."" His Adjutant gave evidence that McCubbin had previously performed his duties well, but note that over the last six months he had become ""unstrung"" after spending 26 consecutive days in the trenches. Despite recommendations for mercy due to his psychological state, the death sentence was upheld. He was executed alongside fellow battalion member George Lowton. He is buried at the Brown's Road Military Cemetery in Festubert, France"
"Private","McFarlane","John","4th Battalion King's (Liverpool) Regiment","22nd May 1918","Age 27","Private John McFarlane (Service Number 265427) was a British soldier who was executed by firing squad for desertion during the First World War. He served with the 4th Battalion of The King's (Liverpool Regiment). Military research records show he was officially reported as suffering from shell-shock in November 1916 (under his earlier four-digit service number, 2070) and was later wounded in action in September 1917. He was shot at dawn on 22 May 1918 at the age of 27. He is buried at the Nine Elms British Cemetery in Poperinge, West-Vlaanderen, Belgium"
"Private","McGeehan","Bernard","1/8th Battalion Regiment King's (Liverpool)","2nd November 1916","Age Unknown","Private Bernard McGeehan was a World War I soldier who was executed by the British Army for desertion on 2 November 1916. In 2006, 90 years after his death, he was granted a posthumous military pardon by the British government as part of a collective pardon for 306 executed soldiers. Born in Raphoe, County Donegal, Ireland, in 1888, his family later relocated to Derry. He worked in the Post Office in Derry. He volunteered for the British Army in 1914 following the outbreak of the war. He served as a Private (Service Number 2974) in the 1/8th Battalion, The King’s (Liverpool Regiment).  After serving 18 months on the Western Front without any leave, McGeehan suffered a severe psychological breakdown, commonly referred to then as ""shell shock"" (now recognized as PTSD). He walked out of his trench line on 19 September 1916. Five days later, he voluntarily approached military lines looking for food and water and trying to find his regiment. His court-martial lasted minutes and was preserved on just two pages of handwritten notes. In his own defence, McGeehan stated that fellow soldiers had constantly bullied and thrown stones at him, and that he did not know what he was doing when he wandered away. The military judges dismissed his shattered mental state, declaring him of ""weak intellect"" and ""worthless as a soldier"". He was sentenced to death to serve as a disciplinary example to others. McGeehan was executed by a British firing squad at 6:16 AM on 2 November 1916. He was 28 years old. He is buried at the Poperinghe New Military Cemetery in Belgium"
"Private","McQuade","John","18th Battalion Highland Light Infantry","6th November 1916","Age Unknown","Private John McQuade was a British Army soldier executed by firing squad for desertion on 6 November 1916 during World War I. He was one of the 306 British and Commonwealth soldiers ""shot at dawn"" who received a posthumous royal pardon from the British government in 2006. Served in 18th Battalion, Highland Light Infantry (HLI). During the Battle of the Somme, McQuade was attached to the 106th Trench Mortar Battery as a shell/bomb carrier. On 29 July 1916, he was ordered to move to the trenches but was missing when the battery assembled. He had previously dropped out of a marching column citing exhaustion. He was apprehended in Corbie and returned to his battalion on 15 August 1916. Military authorities took a harsh stance because McQuade already had a prior conviction for disobedience, which carried a suspended sentence of one year's imprisonment. He was tried by a Field General Court Martial, sentenced to death, and shot at dawn on 6 November 1916"
"Private","Michael","James","10th Battalion Cameronians (Scottish Rifles)","24th August 1917","Age Unknown","Private James Michael was a volunteer serving in 10 Cameronians (Scottish Rifles), and his death came just ten weeks after that of another deserter from the same battalion. Early in the summer of 1917 Michael’s comrades had taken part in the fighting in the Salient, whilst the reluctant soldier had made off. The inevitable execution was recorded in the unit’s history, the diarist noting that it was the second case in the battalion. Private Michael was shot at Poperinghe, becoming the twelfth victim to die in front of the firing squads in this Belgian town immediately behind the Ypres Salient. Like the previously executed deserter from the battalion Michael was commemorated in post-war years in the regiment’s casualty roll. Both victims were natives of Glasgow and by chance the two names appear on the same page of this official record. No cause of death is recorded for either soldier."
"Private","Milburn","John","24/27th Battalion Northumberland Fusiliers","8th November 1917","Age Unknown","Private John Milburn had enlisted for service in the Northumberland Fusiliers and served in France with a Tyneside Irish battalion – which was ultimately amalgamated to form 24/27 Northumberland Fusiliers. Milburn was serving under a suspended sentence of 2 years’ imprisonment when he deserted in order to avoid serving in the trenches opposite the Hindenburg Line. He was executed by firing squad for desertion during World War I on 8 November 1917"
"Private","Milligan","Charles","10th Battalion Cameronians (Scottish Rifles)","3rd June 1917","Age 20","Private Charles Milligan had enlisted in February 1916 into the Cameronians (Scottish Rifles). Once in France the soldier had committed his first offence of disobedience in October of the same year. The resultant sentence of one year’s imprisonment with hard labour was obviously suspended, as early in 1917 the private was again convicted for the same offence – but on this occasion received the more lenient sentence of 42 days’ field punishment no.1. The young soldier’s battalion was part of 15 (Scottish) Division and was engaged in the opening day of the Battle of Arras, as well as on a number of days thereafter. And it was at this time that Private Milligan went absent – just as his unit was preparing to attack. The soldier’s freedom was short-lived, and five days later he was arrested. A court martial disposed of Milligan’s case on 5 May when once again a soldier with a bad record chose to be unrepresented. The Scotsman’s unfortunate admissions included one that, at the moment he fled, he had been unable to control his actions. His commanding officer, Lieutenant-Colonel A C Stanley-Clarke, was very fairminded in his written statement to the court. He recorded that Milligan’s conduct ‘has not been good on the whole’, although there is ‘nothing to his discredit in the field’.86 The brigade commander however, was not so charitable about the 20 year old. He recommended that the sentence be carried out, adding that men even younger had been known to do their duty in the past.87 Private Milligan’s death on 3 June 1917 was later recorded in the official casualty rolls, but no cause of death was stated.88 Although the Glaswegian received such commemoration, in post-war years the Imperial War Graves Commission were unable to locate his grave. But in later years the diligent staff of the Commission did identify his remains, which today lie in Canadian Cemetery No.2 at Neuville St Vaast – near Arras. Rather strangely, and by way of an oversight, Private Milligan had initially been commemorated on the Menin Gate Memorial to the Missing. In fact the correct location would have been on the Arras Memorial."
"Private","Mills","George","2nd Battalion Duke of Cornwall's Light Infantry","29th September 1915","Age 21","George Mills, the son of Mrs Pilling of 142 Mortlake Road, was born in East London in 1894. George volunteered for enlistment into the Duke of Cornwall’s Light Infantry on the 24th February 1915. Little is known of his background except that he was born in the East End of London in 1894, and is alleged (but not officially recorded) to have had a police record at the time of his enlistment. Within a matter of a couple of weeks, on the 15th of March 1915 he crossed to France in a troopship, and reported to the 2nd Battalion DCLI later the same day. The date indicates that he could not have completed more than a fortnight’s training, however the recruit training programme of the time was designed to last for six months. This period was occasionally shortened when the manpower demand on the western front was critical. It was, however, unprecedented for this to occur. His arrival coincided with the 2nd Battalion which was resting out of the line in billets at the Rue de Lettre about two miles south of Erquingham near Armentieres. He was initially employed as a company orderly and later as the soldier-servant of Lieutenant Evelyn Mulock. When the Battalion went up into the line again, Mills was, for some reason, left behind in billets with the rear details. On 31st July 1915, he stole money, documents and general property belonging to Lieutenant Mulock, 2nd Lieutenant Martin and Private Lucas. Then, dressing himself in officer’s uniform, he went to Boulogne to enjoy his stolen goods. He was quickly arrested. A field general court Martial was held at Boulogne on 10th September 1915. Mills conducted his own defence; it is not recorded whether he was accorded his legal right to be represented by a defending officer, or whether he refused to exercise that right. In his defence he stated: “ The other officers’ servants were always drinking and wanting to fight one another… The other servants were down on me because I did not drink. I dressed as an officer so as not to be stopped by the sentry of my regiment… I intended to go home for a few days and come back again. ” He was shot at 5:03 a.m by a firing squad on 29th September 1915."
"Private","Mitchell","Arthur","1/6th Battalion Lancashire Fusiliers","20th August 1917","Age Unknown","Private Arthur Mitchell had landed at Helles on the Gallipoli peninsula on 5 May 1915.9 His battalion, 1/6 Lancashire Fusiliers, was one of four Fusilier units from Lancashire which had landed simultaneously. The battalions were all part of 42 Division, and did not arrive on the Western Front until March 1917. Evidence given at Mitchell’s trial stated that the private had gone absent prior to a tour of duty in the trenches. He had then been arrested nine days later when working in a field. The soldier had discarded his uniform and was wearing blue trousers and a French police bonnet! Whilst perhaps it did not substantially detract from the conspicuous nature of the absentee’s chosen headgear, the court did hear that the private had shaved off his moustache. The unfortunate soldier, who like so many, had endured hell on earth at Gallipoli, was executed at Achiet-le-Grand, mid-way between the Somme and Arras fronts. In the third week of August a sixth soldier was shot from the 15 (Scottish) Division."
"Private","Mitchell","Leonard","","19th September 1917","Age Unknown","Private Leonard Mitchell had served in 1/5 Yorks & Lancs – part of 49 (West Riding) Division – before being posted to the 8th battalion of this regiment. The soldier had an unenviable reputation to live down, being under a suspended sentence of death for an offence of desertion. However, Private Mitchell did not conform, and decamped from the Ypres Salient when the dangers of active service became too great for his constitution. His execution took place in the small village of La Clytte, some distance away from the front. On the day that the Battle of the Menin Road Ridge commenced a very young colonial soldier was shot. It was over two years since a soldier as young as 17 had been lined-up before a firing squad, and again the victim had seen only brief service."
"Private","Moles","Thomas","54th Battalion Canadian Expeditionary Force","22nd October 1917","Age 25","Private Thomas Lionel Moles was a Canadian infantryman who was executed by firing squad for desertion during the First World War. He was shot at dawn at 05:50 am on 22 October 1917 at Ypres Prison in Belgium. He served with the 54th Canadian Infantry Battalion (Central Ontario Regiment) of the Canadian Expeditionary Force. His military designation was No. 443288. In October 1917, Moles was ordered to re-join his company as they prepared to advance into combat. Instead of moving forward to the front lines, he fled to a rear-area village. Following a three-week evasion, he was arrested, court-martialled, found guilty of desertion, and sentenced to death. According to official British and Canadian War Diaries, the execution was carried out by a firing squad comprising Four soldiers selected from each company of the battalion, One Sergeant. Lieutenant Charles Hamilton Seaman (the officer in charge)."
"Private","Molyneaux","James","1st Battalion Loyal North Lancashire Regiment","15th June 1916","Age Unknown","James Molyneaux of 1 Loyal North Lancs, was serving under a suspended sentence of 10 years’ penal servitude. His execution took place on 15 June and was the third shooting in the battalion in four months, the firing squad being found from Molyneaux’s own unit. Whilst it is difficult to imagine that there could be any consistency in a policy that generated successive executions in one particular unit, it would seem that the principle of deterrence was being exercised by HQ."
"Lance Corporal","Moon","William","11th Battalion Cheshire Regiment","21st November 1916","Age 20","Lance-Corporal William Moon was a young volunteer in a division that had been heavily engaged before the Battle of the Somme had even commenced. Moon’s departure had been followed by a divisional move to the Armentieres front. The unfortunate twenty year old, who was serving in 11 battalion Cheshire Regiment, met his end near Bailleul."
"Private","Morris","Herbert","6th Battalion British West Indies Regiment","20th September 1917","Age 17","Private Herbert Morris was a 17-year-old Jamaican soldier serving in the British Army who was executed by firing squad for desertion on 20 September 1917 after suffering from severe shell shock. He was born in Riversdale, Jamaica, and volunteered to fight in World War I, joining the 6th Battalion of the British West Indies Regiment (BWIR). While serving in the heavy artillery sectors of the Ypres Salient in Belgium, Morris became deeply traumatized and disordered by continuous bombardment (shell shock/PTSD). He ran away from his post and was later found wandering in Boulogne, France. A British military court-martial tried him for desertion from active service. The court did not adjourn the trial to seek medical reports regarding his psychological state, and Field Marshal Douglas Haig confirmed his death sentence."
"Driver","Mullany","James","Royal Field Artillery","2rd October 1916","Age Unknown","Driver James Mullany (Service Number 64987) of the 72nd Battery, 38th Brigade, Royal Field Artillery, was executed by firing squad on 3 October 1916 during the First World War. He was executed for the military offence of striking a superior officer. On 16 September 1916, Mullany's Battery Sergeant Major ordered six teams of horses to be harnessed to move ammunition up to the front line. Mullany vocally protested the order, shouting, ""What about some ******* tea?"" When placed under open arrest, Mullany demanded close arrest so he could get his tea. When the Non-Commissioned Officer (NCO) ordered him to proceed with harnessing the horses, Mullany swore at him and was ordered to the guardroom. Mullany then physically attacked the NCO, knocking him to the ground and punching him. He was tried by a Field General Court-Martial, found guilty of striking his superior officer, and sentenced to death. He is buried at the Poperinghe New Military Cemetery in Belgium"
"Private","Hogan (aka Murphy)","Thomas","2nd Battalion Royal Inniskilling Fusiliers","14th May 1917","Age 31","Private Thomas Hogan (who served under the alias Thomas Murphy) was a First World War soldier executed for desertion by the British Army on 14 May 1917.  He served as a Private (Service Number 17137) in the 2nd Battalion, Royal Inniskilling Fusiliers. He was born in Tralee, County Kerry, Ireland, and was the son of John and Jane Hogan. Hogan had served in the military for over two years. He subsequently deserted his post, remaining at large until his capture. He was tried by a court-martial and sentenced to death. He was shot by a firing squad at the age of 31, making him older than the average soldier executed during the war. He was the first Irishman to be executed under British military law in 1917"
"Private","Murphy","Allan","9th Battalion Cameronians (Scottish Rifles)","17th August 1916","Age Unknown","Private Murphy absented himself from his unit on the Western Front and managed to evade military authorities for six months. Because he was missing for such an extensive period, a military court-martial found him guilty of intentional desertion, and his death sentence was confirmed by the high command. He was shot at dawn alongside several other Commonwealth soldiers stationed in the sector"
"Private","Murphy","Patrick","47th Battalion Machine Gun Corps","12th September 1918","Age Unknown","Private Murphy had served through the majority of the war but struggled heavily with military discipline. Records indicate he was convicted of desertion on three separate occasions. His final offense occurred when he returned to his company, only to walk away the very next day while his unit was actively marching toward the front lines. According to the account of the Roman Catholic Padre who accompanied him, Murphy went to his execution by firing squad feeling ""wonderfully calm"""
"Rifleman","Murphey","William","5/6th Battalion Royal Scots","7th February 1917","Age Unknown","Private William Murphy (also recorded as Murphey) was a British Army soldier who was executed for desertion on 7 February 1917 during World War I. He was a 30-year-old former coal miner from Blackridge, West Lothian, Scotland, serving with the 1/5th Battalion (attached to the 5/6th) of the Royal Scots. Murphy volunteered for service under Kitchener's recruitment campaign. He arrived in France on 28 December 1916 to join his unit on the Western Front. Just seven days after arriving, during a march toward the front lines near La Vicogne, Murphy fell out of the formation and deserted, despite the unit still being a significant distance from the actual trenches. After multiple prior military discipline infractions, he was court-martialled for desertion on active service and sentenced to death. The execution order was confirmed by Field Marshal Sir Douglas Haig. He was shot by a firing squad at dawn on 7 February 1917 at Bertrancourt, France. He is buried in the Bertrancourt Military Cemetery"
"Driver","Murray","Robert","81st Brigade Royal Field Artillery","3rd February 1917","Age Unknown","Driver Robert Murray (Service Number 96498) was a British soldier who was executed by firing squad for desertion during World War I on 3 February 1917. He was one of 306 executed British and Commonwealth soldiers posthumously pardoned by the British government in 2006 under the Armed Forces Act. He served in ""A"" Battery, 147th Brigade, attached to the 81st Brigade of the Royal Field Artillery. Murray arrived to serve on the Western Front in France on 25 September 1915. Following a period of home leave in mid-1916, Murray went missing from his brigade. Rather than hiding near the frontlines, he managed to travel all the way to the south of France.  a domestic argument, she reported his whereabouts to the French police, who subsequently arrested him and handed him over to British military authorities.  A British military court-martial found Murray guilty of desertion and sentenced him to death. He was executed at dawn on 3 February 1917. He was shot side-by-side with Private Ernest Walter Jack Harris of the Lancashire Fusiliers, who was also executed for desertion that morning. Driver Murray is buried at the Carnoy Military Cemetery in the Somme region of France (Plot Z, Grave 10), directly next to Private Harris"
"Private","Neave","Walter","10th Battalion West Yorkshire Regiment","30th August 1917","Age Unknown","Private Walter Neave was a British soldier executed for desertion during World War I on 30 August 1917. He was one of 306 soldiers executed by the British Army for disciplinary offenses who were later posthumously pardoned. He served as Private 19445 in the 10th Battalion, West Yorkshire Regiment (Prince of Wales's Own). He enlisted in April 1915 and fought in the Gallipoli campaign before being deployed to the Western Front. After being wounded on the Somme in September 1916, Neave was passed fit to return to active service. In July 1917, while already subject to a suspended death sentence for a previous instance of desertion, he decamped (deserted) again. He was executed by firing squad at dawn on 30 August 1917. Cemetery near Arras, France"
"Private","Nelson","William","14th Battalion Durham Light Infantry","11th August 1916","Age 22","Private William Nelson, 14th Durham Light Infantry, had committed his offence in the vicinity of Ypres. The court heard that he had two previous convictions for absence, for which he received a sentence of one year’s imprisonment followed by a sentence of penal servitude for life. By the time the Commander-in-Chief had determined Nelson’s fate, the private’s unit had travelled south to the Somme. He was executed at Acheux. It is interesting to note that Private Nelson’s home town of Seaham Harbour had been shelled by a German submarine on 11th July. It is not of course possible to determine whether or not the soldier was aware of this incident, nor whether his possible concern had any bearing on his actions. Shot at Dawn; Putkowski and Sykes; Leo Cooper, 1989, ISBN 0 85052 295 1. Private Billy Nelson who enlisted at the age of 17 with the 14th DLI a month after War was declared. His father had been taken prisoner in Germany at the outbreak of war aboard the collier Seaham Harbour and shortly after signing up he lost his mother, leaving him responsible for his sister Norah aged 13, and brother Harry aged 10. Having endured some of the bloodiest horrors of the conflict whilst fighting at Ypres, young Billy went absent without leave on the anniversary of his mother’s death and again went missing two months later. Deeply disturbed and clearly in need of help he was instead court martialled, field punished and sentenced to death. 5.15am 11th August 1916"
"Private","Nicholson","Charles","8th Battalion York and Lancaster Regiment","27th October 1917","Age 19","Private Charles Bain Nicholson was a British soldier executed by firing squad for desertion during World War I. He was shot at dawn on 27 October 1917 at the age of 19. Originally from Middlesbrough, Nicholson lied about his age to enlist at 16, joining the 8th Battalion, York and Lancaster Regiment. During a heavy bombing raid, he panicked and went missing from his platoon. His court martial lasted less than ten minutes. His platoon sergeant gave evidence against him, while Nicholson’s only defence was an 11-word statement: ""When the bomb dropped, I got nervous. I can't say anything else."" His military superiors ordered his execution to serve as an example to other soldiers. He is buried at the Longuenesse (St. Omer) Souvenir Cemetery in France"
"Private","Nisbet","Joseph","1st Battalion Leicestershire Regiment","23rd August 1918","Age Unknown","Private Joseph Nisbet had accrued two convictions, one for violence for which he had received a four year sentence, and another for disobedience for which he had been sentenced to death. During the summer of 1918 Nisbet had reported sick at a time when the battalion had been warned for the front line. He was ordered to attend the next sick parade, but instead he absconded. Three days later he was arrested in Calais without his equipment. In confirming the sentence of death, no doubt the Commander-in-Chief took into consideration the opinion of the man’s CO, who had reported that the private’s behaviour might well prove infectious."
"Private","O'Connell","Benjamin","1st Battalion Irish Guards","8th August 1918","Age 23","Private Benjamin O'Connell was a young Irish soldier serving in the British Army during World War I who was executed by firing squad for desertion. He was one of 306 British and Commonwealth soldiers ""shot at dawn"" for military offences who later received posthumous pardons. Private Benjamin O'Connell (Service Number 10686), 1st Battalion, Irish Guards. Born in Waterford, he lived in Tinnarath, Foulksmills, County Wexford, Ireland. He was the son of James and Mary O'Connell. August 8, 1918. Age at Death: 23 or 24 years old. He was executed for desertion. Reports indicate he left his post to ""find a woman"", making him the fifth and final member of the Irish Guards to be executed during the war. O'Connell was one of 26 Irish-born British soldiers executed during the Great War for breaches of military discipline."
"Private","O'Neill","Frank","1st Battalion Notts and Derby Regiment (Sherwood Foresters)","16th May 1918","Age Unknown","Private Frank O’Neill, Sherwood Foresters was executed at dawn for desertion. He had two previous convictions. He was the last man to be unrepresented at his trial. He was offered a half pint of brandy before being shot but declined."
"Private","O'Neil","Anthony","1st Battalion South Wales Borderers","30th April 1916","Age Unknown","Private Anthony Victor O'Neill (sometimes spelled Neil) was a British soldier executed by firing squad for desertion during World War I on 30 April 1916.  Private Anthony Victor O'Neill, service number 1/15134, served with the 1st Battalion, South Wales Borderers. He was a ""Kitchener volunteer"" from Neath, Wales. He was 20 years old at the time of his death. He was court-martialled and condemned under the Army Act for desertion. He is buried at the Mazingarbe Communal Cemetery Extension in the Nord-Pas-de-Calais region of France"
"Private","Palmer","Henry","1/5th Battalion Northumberland Fusiliers","27th October 1916","Age Unknown","Henry Palmer was charged with constructive desertion for at least three instances of being absent from his unit. He entered a not guilty plea, to each of the three charges. The first two charges he was found not guilty, mainly because of insufficient evidence. His unit had been heavily involved in the Battle of Morval on the 25th September and on the 1st October 1916, just south of Le Sars. Henry was found not guilty of the two earlier offences, which occurred in late September, but the third charge, on the 1st and 2nd October, he was found guilty and condemned to death. At Henry’s trial prosecution witnesses were not cross-examined. Palmer told the court that he advanced in the attack but that he had been hit in the knee. However, he was unable to remember his whereabouts at the time of his alleged injury. He stated at first he was hit halfway across No Man’s Land, later he said he was hit in front of the German Wire. In his first version of events, Palmer stated that after being hit he returned and stopped in a communication trench to have a rest. He could not find his unit on the following day, due to the heavy shelling. When further questioned, he agreed that his injury had not caused him to report sick. Also he remarked that he threw his ammunition away when injured near the German Wire. He then returned to the British front line. Henry Palmer was unrepresented and said very little in his defence. He also called no witnesses and did not ask any questions. This was noted by the court at the time. The findings of the Court were passed up the Chain of Command. Lt General W P Pulteney, Corps Commander had noted: The Battalion fought well (in the action from which Palmer was absent) and has good discipline. I support the recommendation of the court: ‘mercy’. There is an additional note that reads There appears to be no need for an example to be made. Sir Henry Rawlinson General, commanding the Fourth Army, confirmed his support for the Death Penalty, which was also confirmed by Field Marshal Haig using in his green fountain pen)Confirmed."
"Rifleman","Parker","Albert","7th Battalion King's Royal Rifle Corps","15th May 1916","Age 35","Rifleman Albert Parker serving with 7 King’s Royal Rifle Corps. His crime was a typical example of desertion committed with the intention of avoiding service in the line. 35 year old Parker admitted drunkenness at his trial but this did not mitigate his offence. An eyewitness later recalled the promulgation of sentence and the execution that followed. ‘Then the prisoner’s cap was taken off, [this ritual is laid down in King’s Regulations No.481, the cap being removed to prevent its possible use as a missile] and he was told to take one pace forward, which he did. Then the APM commenced to read the papers … ‘The man was then told to take a pace back again, which he did without a quiver – a braver man at that moment wasn't to be found in France. He was then marched away to the place where he was to be shot. We were then ordered to about turn, and the Brigade Transport Officer threatened us that any man who turned round would be put on a crime. So we stood in silence for what seemed hours, although only minutes. Then the shots rang out and one of the Yorkshires fainted, the strain was that great. [A man from the 6th Battalion King’s Own Yorkshire Light Infantry.] Still we stood in silence until we heard another shot, which I afterwards ascertained was the doctor’s shot to make sure he was dead.’ [The writer means the coup de grâce administered by the officer commanding the firing squad.] The execution took place at Warlus, where Albert Parker, a Watford man, was buried in the Communal Cemetery – the only soldier’s grave – dating from the Great War. His headstone now carries the inscription, ‘Gone but not forgotten’."
"Private","Parry","Albert","2nd Battalion West Yorkshire Regiment","30th August 1917","Age Unknown","Private Albert Parry from 2 West Yorks. Little is known about Parry except than he was a deserter, and the eighth soldier to be executed in his division (8 Division). His army number would suggest that he was a conscript. It must be presumed from his place of burial that the execution took place in a remote spot behind Armentières – within yards of the Franco-Belgian border."
"Private","Pattison","Robert","7th Battalion East Surrey Regiment","4th July 1917","Age 23","Private Pattison served on the Western Front with 7 East Surreys, and it was recorded that he was the first soldier in his unit to suffer from shellshock. The onset of Pattison’s disability is recorded to have occurred on 5 March 1916, and it is not difficult to visualise his predicament, given that at the time his unit was serving opposite the Hohenzollern Redoubt. This area was the scene of constant mining and counter mining as the belligerents cratered the wasteland in vain and bloody attempts to gain a slight territorial advantage. The battalion diarist gave a graphic account of hostilities in the week following the private’s illness. The diarist recorded that on 6 March the Germans put down a heavy bombardment, and just after midnight they exploded a mine under the trenches to the right of the British line. The following night the enemy made three raids against the British front line. On 10 March, the enemy carried out a night-time bombing raid, which was followed the next night by the detonation of another mine. At the end of the week the British ‘blew in’ three German mineshafts during defensive operations. If such conditions were typical, then it is not surprising that men succumbed to shellshock. It is not known on what date Private Pattison returned to duty, but what is surprising, given the soldier’s shellshocked condition, is that during the very same month (March), he was convicted of desertion and sentenced to 84 days’ field punishment no. 1. Somehow Pattison managed to maintain control of his nerves for over a year – until the Battle of Arras loomed. On 2 April 1917 his battalion went into the front line, and a week later were in action on the first day of battle. The soldier stuck it, but on 3 May prior to an attack, his nerves gave way. He reported to the battalion doctor, whose examination culminated with instructions to return to the line. It would be an understatement to say that the medic failed in his duty. One time army doctor Lord Moran described how during the war he came to judge when a man was finished, when a soldier could no longer be of any use until rested and recovered. On 4 May Private Pattison was arrested by the military police in Arras. The account given by the policeman at the court martial indicated that Pattison was displaying symptoms of shellshock. It is not known whether Private Pattison was medically examined whilst in confinement, but if he was, then the medical profession once again failed to recognise the soldier’s confused condition. Privates Pattison was shot at Arras on 4 July."
"Private","Penn","Major","1st Battalion Royal Welsh Fusiliers","22nd April 1915","Age Unknown","Private Major Penn (1st Battalion, Royal Welch Fusiliers) was a British soldier executed for desertion on April 22, 1915, during the First World War. He and a comrade, Private Albert Troughton, were found guilty of leaving their posts and were executed together by a firing squad on April 22, 1915. Penn and Troughton endured heavy bombardments and saw hundreds of their comrades killed. Under intense pressure, the men became separated from their unit. Following a court-martial, the men were sentenced to death. The night before his execution, Private Troughton reportedly smuggled a letter out to his family, stating he would ""die like a soldier"""
"Private","Perry (aka Poirier)","Eugene","22nd Battalion Canadian Expeditionary Force","Tith April 1917","Age 21","Private Eugène Perry (born Eugène Poirier) was a Canadian World War I soldier who was executed by firing squad for desertion on 11 April 1917. Born on 1 April 1896 in Bouctouche, New Brunswick, he enlisted in the military using the alias Eugene Perry. He served with the 22nd Battalion (French Canadian), commonly known as the ""Van Doos"". On 2 April 1917, Perry was ordered to report for duty in the front-line trenches. He went missing and was arrested seven hours later in a village located approximately 20 miles behind the front lines. A military court-martial found him guilty of desertion and sentenced him to death. He was executed on 11 April 1917, just two days after the historic Canadian assault on Vimy Ridge. He was the first of five soldiers from the 22nd Battalion to be executed during the war. His remains are interred at the Écoivres Military Cemetery in France"
"Private","Phillips","Louis","6th Battalion Somerset Light Infantry","19th August 1915","Age 23","Private Louis Phillips lived in the West End of London – although he had been born at Caistor, and chose to serve in the Somerset Light Infantry. In April 1915 he went to France with a draft of men destined for 6 Battalion who were serving in the Ypres Salient. During sustained and bloody fighting at the end of July he went absent for four days. At his court martial he said in mitigation that he had not received any letters from home for several weeks prior to committing his offence, and that this had caused him grievous concern. Sentencing him to death the court added a recommendation for mercy, on the grounds that Phillips had been suffering from mental worry. Scant consideration was given to this recommendation and, at 4.20 am on 19 August, the Ramparts at Ypres were the scene of yet another execution. Strangely this 23 year old volunteer is not recorded in the official casualty records – Soldiers Died in the Great War. Yet the only other soldier from the regiment to be executed (in 1916) is commemorated. A cover-up seems likely because Louis Phillips’ death certificate records that he was killed in action. The soldier is also commemorated in the British Jewry Book of Honour."
"Private","Phillips","William","1st Battalion Coldstream Guards","30th May 1916","Age Unknown","Private William Henry Thomas Henry Phillips was a British soldier executed for desertion during World War I. Service Number: 9197, Regiment: 1st Battalion, Bedfordshire Regiment. Date of Execution: 30 May 1916. Cause of Death: Shot at dawn by firing squad after a military court-martial. Burial Location: He is buried in the northwest part of the Wormhoudt Communal Cemetery in Nord, France"
"Private","Pitts","Albert","2nd Battalion Royal Warwickshire Regiment","8th February 1915","Age 33","Private Albert Henry Pitts was a British soldier who was executed by firing squad for desertion during World War I. He was shot at dawn on 8 February 1915 at 7:30 am in Belgium. The background of his case reveals a tragic sequence of events during the early months of the conflict. Private Pitts (Service Number 8747) served with the 2nd Battalion, Royal Warwickshire Regiment. He was an experienced ""old soldier,"" having previously completed 12 years of service with the regiment before working as a drayman and re-enlisting at the outbreak of the war in 1914. In late 1914, Pitts became separated from his unit. In letters sent to his wife in Bengeworth, Evesham, he explained that he had been lost for two weeks and was struggling to find his regiment because he could not understand the French directions. He also mentioned that he had gone completely deaf, a common side-effect of artillery shell shock. Despite his letters indicating an intention to rejoin his unit, his absence during Christmas was treated as intentional. He was court-martialled for desertion and executed shortly thereafter. Because he was executed, he does not have a traditional Commonwealth War Grave; instead, his name is commemorated on the Ploegsteert Memorial in Belgium"
"2nd Lieutenant","Poole","Eric","11th Battalion West Yorkshire Regiment","10th December 1916","Age 31","Second Lieutenant Eric Skeffington Poole was the first British commissioned officer executed by military authority during World War I. A shell-shock sufferer, he was found guilty of desertion by a Field General Court Martial and shot by a firing squad at Poperinghe, Belgium, on December 10, 1916. During the Battle of the Somme, Poole was knocked unconscious and buried by an enemy shell, subsequently suffering from shell shock (now known as PTSD). Following recuperation, he returned to the front lines. In a confused and disoriented state, he wandered away from his unit near Flers. He was arrested days later and charged with desertion. Despite pleas for leniency from several commanding officers due to his mental state, the death sentence was confirmed by Field Marshal Douglas Haig. Poole was executed at 7:25 AM behind the Poperinghe town hall. He is buried in the Poperinghe New Military Cemetery in Belgium"
"Rifleman","Poole","Harry","7th Battalion Yorkshire Regiment","9th December 1916","Age Unknown","Private Harry Poole was a British soldier executed by firing squad for desertion during World War I on 9 December 1916. Private Harry Poole (Service Number 8534), serving in the 7th Battalion, Yorkshire Regiment. He was a 22-year-old former working-class miner from Sheffield. He escaped from military detention on 24 October 1916 and spent roughly six weeks on the run. He was re-arrested in Boulogne around 22 November 1916, court-martialled, and sentenced to death. He was ""shot at dawn"" on 9 December 1916.  He is buried at the Cavillon Communal Cemetery in France."
"Corporal","Povey","George","1st Battalion Cheshire Regiment","11th February 1915","Age 23","Corporal George Henry Povey was a British soldier executed by firing squad for ""quitting his post"" during World War I. He is historically significant as the first Welshman to be executed by the British Army during the conflict. On 28 January 1915, while serving with the 1st Battalion, Cheshire Regiment, Corporal Povey was in charge of a frontline trench section in the Ypres Salient. A German soldier allegedly crept close and pulled a rifle out of a loophole, triggering a false alarm. In the ensuing panic, someone shouted ""Clear out, lads, they're on us,"" prompting Povey and several privates to retreat toward the support trenches. Povey was stopped at a support point, still in possession of all his arms and equipment, and immediately returned to the frontline when ordered. He was court-martialled alongside the privates. While the other men received lesser or commuted sentences, Field Marshal Sir John French confirmed the death penalty for Povey, reportedly to make an example of him because of his rank as a non-commissioned officer. He was shot at dawn at 7:45 am on 11 February 1915 at the age of 23. The execution took place in St Jans Cappel, France. He was led from a cell in nearby Poperinge, Belgium, to face the firing squad. He has no known grave; records of where his body was buried did not survive the war"
"Private","Randle","William","10th Battalion Notts and Derby's Regiment (Sherwood Foresters)","25th November 1916","Age Unknown","Gallipoli veteran, Pte. William Henry Randle, 10th Battalion Nottinghamshire & Derbyshire Regiment (formerly 9th Battalion), was executed for desertion on 25th November 1916. Born in Hucknall, he lived on Wollaton Street until moving to Shirebrook with his family before the outbreak of war. When he was arrested, Randle claimed that he was looking for his brother, who was said to be serving nearby. His defence was not accepted and he was sentenced to death, a sentence that was not commuted – unlike 90% of such punishments. Buried in Cavillon Communal Cemetery, he was the 23 year-old son of William Henry and Harriett Randle, of 26 Vale Drive, Shirebrook."
"Corporal","Reid","James","6th Battalion Cameron Highlanders","11th May 1918","Age 26","Corporal James Reid (Service Number 7674) of the 6th Battalion, Cameron Highlanders was a British soldier executed for desertion during World War I. He was shot by a firing squad at dawn on 11 May 1918 at the age of 26. Reid was already a serving soldier when the war broke out in 1914 and had a record of serving well through the early years of the conflict. He was slightly wounded twice during his first two years of active duty. His record shifted in August 1916 when he deserted for the first time, resulting in a suspended prison sentence. Though later promoted to corporal, he deserted again in the spring of 1917, living behind the lines until French police arrested him that September. While locked in a regimental guard room awaiting his court-martial in October 1917, Reid broke out and managed to evade military authorities for four months. Reid was eventually recaptured and court-martialled. Although the court recommended mercy based on his prior years of good frontline service, the high-ranking confirming authorities rejected the plea to make an example of him. He was executed in the spring of 1918. He is buried at the Duisans British Cemetery in Etrun, France"
"Private","Reid","Isaac","2nd Battalion Scots Guards","9th April 1915","Age Unknown","Private Isaac Reid (Service Number 8752) of the 2nd Battalion, Scots Guards, was a British soldier executed for desertion during World War I. He was shot by a firing squad at dawn on 9 April 1915 in Laventie, France. Reid deserted his post during the fierce Battle of Neuve Chapelle in March 1915. Military police discovered him hiding in the rear lines a few hours after his disappearance. During his trial, Reid was unrepresented by legal counsel. He admitted that he ""lost his head"" in the chaos of battle and expressed deep regret. Although his superiors noted he had a ""very good"" character, they also reported he was ""not a good fighter"". Despite a formal recommendation for mercy, the death sentence was upheld as a military deterrent. On the morning of 9 April 1915, Reid was tied to a tree across the green at Laventie and shot. His own company commander led the firing squad, which was comprised of regimental snipers. The remaining Guards were forced to parade and watch the execution. Reid's execution deeply humiliated F Company. Shamed by his desertion, the men vowed never to surrender in battle to restore their company's honour. Just over a month later, at the Battle of Festubert on 16 May 1915, 80 men from F Company were entirely cut off by German forces. True to their word, they refused to yield and died to a man.Author Stephen Graham documented the incident in his 1919 memoir, A Private in the Guards. He noted that the strict Company Sergeant Major who originally reported Reid for desertion became a pariah. When that Sergeant Major was later mortally wounded at Festubert, his own men strictly refused to give him a drink of water as he lay dying. Reid is buried at the Longuenesse (St. Omer) Souvenir Cemetery in the Pas de Calais region of France"
"Private","Reynolds","Edward","3rd Battalion Expeditionary Force Canadian","9th August 1916","Age 20","Rifleman Edward James Reynolds was born on 2 January 1896 in Toronto. In April 1915, Reynolds enlisted in the 35th Battalion. By November 1915, Reynolds was a member of the 3rd Battalion in the line near Ploegsteert.On 25 July 1916, the Germans exploded a mine under a portion of the front line called “The Bluff”. The 3rd Battalion was ordered forward to plug the resulting gap in the front line. However, Reynolds fell out from his platoon only to be found 2 days later at his battalion’s transport lines. Reynolds claimed that he had been ordered back and got lost. This excuse was accepted. During the following night (26 July 1916), Reynolds was ordered to accompany a ration party up to the front line. Again Reynolds fell out and went back to his battalion’s transport lines. This time Reynolds was arrested and charged with desertion. He was found guilty by a court-martial and sentenced to death. At 05:27 on 23 August 1916, Reynolds (aged 20) was executed by firing squad. His remains are now located in Longuenesse Souvenir Cemetery, Plot IV, Row A, Grave 39. It is of interest that both the Toronto Star and the Toronto Telegram reported at the time that Reynolds had been killed in action. In 2001, the Canadian government added the names of those executed for desertion and cowardice during the war to the Book of Remembrance at Parliament Hill."
"Private","Richmond","Malcolm","1/6th Battalion Gordon Highlanders","26th May 1918","Age 22","Malcolm Richmond had escaped from the guardroom at Etaples on 14 October 1917, only a short while after the Etaples disturbances had died down. A month later he had been arrested in nearby Boulogne, when he had given false particulars. Richmond proved a slippery customer and he escaped again in December, gaining yet another month’s liberty. Early in 1918 he was again arrested in Boulogne after trying to bluff his way free. The matter did not end there however, as a fortnight later he escaped again, only to be arrested a day later masquerading as a driver in the Army Service Corps. Yet another false story would suggest that Private Richmond was an inveterate liar, and Anthony Babington comments that enquiries made by the military failed to determine that the soldier had ever been an inmate of an asylum.43 22 year old Richmond, who was serving in 1/6 Gordon Highlanders, part of 51 Division, was shot near Arras. His death was the final execution in the Highland Division. Another 22 year old from the north of England was shot the next day."
"Private","Rickman","Albert","1st Battalion Royal Dublin Fusiliers","15th September 1916","Age 27","Private Albert Rickman was a British soldier who was executed by firing squad for desertion during World War I. He was shot at 6:10 am on 15 September 1916 in Vlamertinge, Belgium, at the age of 27. He served with the 1st Battalion, Royal Dublin Fusiliers (Service Number: 12923). He volunteered early in August 1914 following Lord Kitchener's call to arms. He originally served in the 7th Battalion and fought in the Gallipoli campaign, where he was wounded and evacuated back to England before recovering and being sent to France. Suffering from severe battle fatigue and grief over losing his close friends, Rickman and a companion slipped away from their unit during the brutal Somme campaign. They attempted to flee to the coast to sneak aboard a ship back to England, with the misguided plan of joining the Royal Navy. He was arrested on 20 July 1916 behind the lines. At his court martial, he pleaded for leniency, citing his previous good conduct and the trauma of losing his friends, but his actions were deemed a deliberate act of desertion. The death sentence was passed down and ultimately confirmed by the Commander-in-Chief of the British Expeditionary Force, Sir Douglas Haig, on 12 September 1916. Because his death was classified as ignominious, he was denied military honours at his funeral, his medals were forfeited, and his grieving mother was denied a war gratuity pension. Rickman was buried at the Vlamertinghe Military Cemetery in West-Vlaanderen, Belgium"
"Private","Rigby","Thomas","10th Battalion South Wales Borderers","22nd November 1917","Age 21","The circumstances leading up to the General Court Martial of Private Thomas Henry Basil Rigby, In the Field is as follows:- At about 3 pm on the afternoon of Tuesday 31 July 1917, when 10th (Service) Battalion, South Wales Borderers was at Kiel Cot (Old German Front Line), instructions were received that No1 Platoon was to supply four men to act as Brigade Runners.  Four soldiers from the Platoon were detailed for this task, including Private Rigby.  He was last seen by the other members of this unit at 11 am on Thursday 2 August 1917. At 11.20 am on Tuesday 7 August 1917, Lance Corporal Kirby of the Military Field Police was on duty in Boulevard Jacquard, Calais, when he had cause to stop and question Private Rigby.  On being asked which unit he belonged to Rigby said, The King’s Liverpool Regiment.  He was not in possession of a Pass authorising him to be in the town, he also had no shoulder or cap badges on show.  He was therefore arrested and taken to Rue Leonard de Vinci Police Billet, Calais. When later interviewed Rigby gave his name as Private 28075 Thomas Lee, 19th Battalion, King’s Liverpool Regiment.  He stated that he was from St. Martin’s Camp in Boulogne and had left there on Saturday 4 August 1917.  He was not in possession of a Pay Book, Identity Discs or Regimental Badges.  Not being satisfied with his explanation Rigby was detained at Fort Risban Guard House, Calais. When further interviewed he admitted that he had supplied false personal details, stating that he was in fact Private Harry Rigby of 10th (Service) Battalion, South Wales Borderers. The Court Martial of Private Kirby took place on Monday 22 October 1917.  The President of the Court was a Major T H Morgan, with members Captain E A Singleton and Captain I A Morgan. Offence Charged:  ‘When on active service deserting His Majesty’s Service, in that you Private No. 11490 Rigby, a Soldier of the Regular Forces , in the field on 2 August 1917, absented yourself from the 10th (Service) Battalion, South Wales Borderers, until apprehended by the Military Police on 7 August 1917’. He pleaded ‘Not Guilty’.  Following the Prosecution case, Private Rigby elected not to give oral evidence but in stead supplied a written statement which read –  Gentlemen.  I was detailed by Sergeant Green at about 2.30 pm on 31 July 1917 as a Runner for Brigade.  This was at Kiel Cot.  I went to Brigade along with Private Johnson and six other men.  The Corporal in charge was Corporal Watling, but he was wounded in the wrist before he arrived at Brigade Headquarters.  I do not remember anything which happened to me after about 12 noon on 2 August until I came to my senses on the outskirts of a town called Watou on the 6 August.  I made my way towards the railway where I saw a freight car, with not knowing which way the line ran.  I thought the train was coming towards Poperinghe.  Whilst in the train I fell asleep, and when I awoke the train was in a siding at Calais.  I did not know that it was Calais at the time until I got into the town.  I am sorry this has happened but I must have been partially mad at the time through worrying about my wife.  I was married on the 21 September 1915 and sent out to the front on the 29th of the same month, and I have not seen my wife since.  Gentlemen, I remain your honourable servant. Harry Rigby.  The Court was informed that Private Rigby was under a suspended sentence of 3 years penal servitude for previous desertion. He was found guilty of desertion.  The sentence of the court was that he suffer death by being shot. The sentence was carried out at 6.40 am on 22 November 1917."
"Private","Roberts","John","2nd Battalion Canadian Mounted Rifles","30th July 1916","Age 20","John Roberts of 2 Canadian Mounted Rifles. J W Muirhead, a young officer recently commissioned into the Army Service Corps, recorded the case and its unusual twist of fate. ‘… in June 19161 went to France and landed at Havre. I was soon sent to Boulogne where I spent a month. While I was there I was detailed to be an officer in waiting at a court martial which was hearing a case of desertion. The prisoner was a Canadian of 19 years, and as a volunteer had been sent to France with his regiment from which he had deserted and found his way to Boulogne. Here he got entangled with a woman with whom he lived for several months. He might never have been arrested if he had not drawn his pay regularly from the Base Cashier. He was sentenced to death and three weeks later he was shot …’  Robert’s long absence undoubtedly influenced the decision to confirm his sentence; as during this time he had avoided the carnage suffered by his battalion in the operations to recover Observatory Ridge in the Ypres Salient. His mother received a blunt notification of her son’s demise. ‘Madam, With deep regret I have the honour to inform you that a report has been received to the effect that no. 107526, Private Roberts J W was tried by Field General Court-Martial at Boulogne, France on the 15th day of July, 1916, on the charge of “when on active service deserting His Majesty’s Service” and was sentenced by the Court “to suffer death by being shot.” The sentence was duly carried out at 4.36 a. m. on the 30th day of July, 1916. I have the honour to be, Madam, Your obedient servant, Frank Beard i/c Record Office.’ The first soldier to be executed in August 1916 was yet another Canadian, of obvious French descent."
"Private","Robert","William","4th Battalion Royal Fusiliers","29th May 1916","Age Unknown","William Roberts, known as Ted to his relatives, was drafted to 4 Royal Fusiliers in November 1914. His service was exemplary and on 16 June 1915 he was severely wounded in the head during an attack at Hooge in the Ypres Salient. Private Roberts was one of 369 casualties suffered by his battalion that day. After treatment and convalescence, the soldier returned on 20 September 1915 to his battalion, which was still in the Ypres Salient, in an area known as Sanctuary Wood. Five days later, bloody fighting broke out in the Salient as the British High Command attempted to draw enemy attention away from the Loos offensive – then taking place to the south. As the diversionary attacks slackened Private Roberts slipped away from his battalion in the front line trenches at Hooge Crater. Unlike those who fled in the direction of the Channel Ports, Roberts remained just a short distance behind the lines. For quite a while he avoided drawing attention to himself until he was arrested on 4 May 1916 in the village of Brandhoek – just west of Ypres. While under arrest Private Roberts was kept in secure confinement at Locre, a small village on the Franco-Belgian border, but on 9 May he escaped – only to be re-arrested shortly afterwards. On 20 May he stood trial at Locre before a court martial staffed by a lieutenant- colonel and three captains. Roberts’ Commanding Officer described the Londoner as a good and plucky soldier, telling the court that the private had volunteered for dangerous tasks on a number of occasions. It is difficult to imagine what better testimonial could have been given. Nevertheless the reviewing authorities wasted little time, Sir Douglas Haig confirming the sentence a week later. It must be presumed that Roberts’ length of absence, coupled with his escape, had negated the private’s previous good service, and from a military view point he was now valueless. At 3.45 am on 29 May a firing squad created another unfortunate ‘example’, the Medical Officer blandly recording that Roberts ‘died of gunshot wounds’. In the early 1980s a story emerged that Private Roberts had been shot for habitually stealing the rum ration and drinking it himself. It would seem that the story was concocted to cover family embarrassment about this regrettable incident."
"Sergeant","Robins","John","5th Battalion Wiltshire Regiment","2nd January 1916","Age Unknown","Sergeant John Robins (Service No. 9610) was a soldier in the 5th Battalion, Wiltshire Regiment during World War I. He was executed by a British firing squad at Gallipoli on January 2, 1916, for disobeying a lawful command.  In December 1915 at Suvla, Robins was ordered by a junior officer to join a reconnaissance patrol. He refused the order, citing severe ill health. Robins maintained that he was too sick to carry out the duty, but his medical reports failed to validate the severity of his condition. Found guilty of wilful defiance of a lawful command, Robins was demoted to Private and sentenced to death. He faced the firing squad at 8:05 AM on Gully Beach. He is buried in the Twelve Tree Copse Cemetery in Turkey"
"Private","Robinson,","Arthur","9th Battalion Northumberland Fusiliers","10th May 1916","Age Unknown","Private Arthur Harold Robinson was a British soldier executed by firing squad for desertion on 10 May 1916during World War I. He served as Private 15469 in the 9th Battalion, Northumberland Fusiliers. He was from Eckington, near Sheffield, and was the son of Mrs. Sarah Ann Robinson. Robinson had served for approximately 10 months on the Western Front. Records indicate he deserted while already serving a suspended 10-year sentence of penal servitude for a previous desertion offence. He was court-martialled, sentenced to death, and executed at the age of 24. He is buried at the Cité Bonjean Military Cemetery in Armentières, France"
"Private","Robinson","John","3rd Battalion Worcestershire Regiment","26th July 1915","Age 31","Private John Robinson (7377) 3rd Battalion Worcestershire Regiment. Private Robinson of Nechells, Birmingham was a regular soldier with 13 years previous service and had been with the 3rd Battalion since Mons in August 1914. On the 27th June 1915, Private Robinson and Private Alfred Thompson absconded together after they were told that they were to be on night duty in trenches near Hooge. The 3rd Battalion had been in action in this area since 16th June. On the 5th July 1915 both Private Robinson and Private Thompson were arrested at Abancourt while they were sitting on a train bound for Rouen. At their court martial in a statement it said that both men were good soldiers, but that it appeared they were suffering from nervous strain at the time they went absent. Robinson was shot by firing squad with 4 other deserters from the 3rd Battalion on the ramparts of Ypres on the 26th July 1915. He was 31 years of age. He was originally buried at the Ramparts Cemetery but was later transferred to the Aeroplane Cemetery, Belgium, which is 3.5 Km northeast of Ypres town centre (Grave number II.A.6/7). the grave of Robinson has the following inscription: ""In loving memory of my dear son deeply mourned by father mother, sisters and brothers""."
"Private","Robinson","William","1st Battalion Notts and Derby's Regiment (Sherwood Foresters)","10th April 1917","Age Unknown","Private William Robinson (Service Number: 70715), who served with the 1st Battalion of the Sherwood Foresters (Nottinghamshire and Derbyshire Regiment), was executed by firing squad for desertion during World War I on April 10, 1917. He is buried at the Péronne Communal Cemetery Extension in France. He was charged with desertion. He had gone missing in early March 1917, shortly before a planned attack, to avoid taking part in it. He was tried in March 1917 and executed at dawn on April 10, 1917, the day after the opening of the Battle of Arras"
"Private","Roe","George","2nd Battalion King's Own Yorkshire Light Infantry","10th June 1915","Age 19","George Ernest Roe was born in 1894, Sheffield, Yorkshire. He was the son of John L Roe and Mary Wells.In 1911 Geoge’s occupation was a Labourer aged 17. He lived with his family at 16 Alfred Road, Brightside, Sheffield, Yorkshire. George joined the King’s Own Yorkshire Light Infantry (KOYLI) 2nd Battalion. Rank Private. Regimental No. 3/1433. Private George Ernest Roe was executed by a firing squad for desertion on 11th June 1915 aged 19. He is buried at Perth Cemetery China Wall, Belgium.  His battalion had seen heavy fighting & suffered huge casualties in the Ypres Salient. He was undefended at trial, where he was given a good character, but said to have lost his nerve. On 7 November 2006, the UK government announced retrospective pardons for all British personnel executed during the Great War. There seems to be a discrepancy about his age as he was almost 21 when he was executed. But the information from the CWGC have him down as 19. Some young soldiers did lie about their age in order for them to join the army. However, it is worth noting that he was in the regular army at the time of his death"
"Private","Rogers","John","2nd Battalion South Lancashire Regiment","9th March 1917","Age Unknown","Private John Rogers was a British soldier who was executed by firing squad for desertion during World War I on 9 March 1917. He was one of the 306 British and Commonwealth military personnel ""Shot at Dawn"" during the conflict, and he was later granted a posthumous pardon by the British Ministry of Defence. Private Rogers (Service Number 26028) served with the 2nd Battalion, South Lancashire Regiment. Unusually for desertion cases, he absconded while his unit was actively serving in the front-line trenches. At his military trial, Rogers argued that he suffered from mental confusion. He claimed he had been so highly intoxicated the night before his disappearance that he was incapable of rational action or intent. The court-martial rejected his defence, convicted him, and sentenced him to death."
"Drummer","Rose","Frederick","2nd Battalion Yorkshire Regiment","4th March 1917","Age 23","Private Frederick Rose (Service No. 9552) was a regular British Army soldier who was executed for desertion during World War I on 4 March 1917. He was one of the 306 British and Commonwealth soldiers ""Shot at Dawn"" for military offences who later received posthumous pardons. Born in 1892 or 1894 in Chelsea, London. 2nd Battalion, Alexandra, Princess of Wales's Own (Yorkshire Regiment)—commonly known as the Green Howards. He enlisted as a regular soldier in 1909 and served as a Drummer and Private. He deployed to Europe with his battalion at the very start of the war in 1914. Private Rose went missing from his unit on 18 December 1914 during active operations in Belgium. Instead of returning to his regiment, he successfully evaded authorities for approximately two years by living with a French woman in the town of Hazebrouck, France. He was eventually discovered and arrested after a neighbour reported him to the local French police. During his Field General Court Martial, Rose referenced family issues to explain his absence, but his lengthy two-year evasion meant he was given the death penalty for desertion. He was shot by a firing squad at dawn on 4 March 1917, aged 23 or 25"
"Private","Sabongidda","Samuel","3rd Battalion Nigeria Regiment","27th July 1917","Age Unknown","Private Samuel Sabongidda who was serving in 3 Nigerian Regiment. The exact nature of his crime is unknown, however Sabongidda was shot for an offence involving violence. The condemned man had served in the army since September 1914, and was the only soldier from his regiment to be executed during the war. In the second half of 1917 two other soldiers were also shot for offences of violence. Both men were from the same regiment whose battalions were serving in the Middle East. The unit concerned was the British West Indies Regiment, and the first offender was a particularly rebellious and vicious individual."
"Private","Salter","Harry","6th Battalion East Lancashire Regiment","11th December 1915","Age 24","Private Harry Salter was a British soldier executed for desertion during World War I. He was shot at dawn on 11 December 1915 at the age of 24. Born in Bridgwater, Somerset, Salter was orphaned by age 14. He experienced poverty and served a sentence in a Borstal institution for petty crime before the war. He joined the 6th Battalion, East Lancashire Regiment and deployed to Gallipoli in July 1915, enduring brutal front-line conditions and widespread disease. In August 1915, he was given a 12-month suspended prison sentence for a previous instance of absence. On 1 November 1915, Salter walked away from his battalion. Over the next two weeks, he was arrested multiple times but escaped from his military escorts repeatedly. When final custody was secured on 19 November, he was caught wearing an Australian uniform. At his trial, Salter offered no self-defence. His commanding officer provided a negative character testimony, labeling him a bad influence. General Charles Monro confirmed the death sentence. He is buried at the Green Hill Cemetery in Gallipoli, Turkey."
"Corporal","Sands","Peter","1st Battalion Royal Irish Rifles","15th September 1915","Age 27","Irish lance corporal Peter Sands was shot as a deserter at Fleurbaix, near Armentières. Sands, a nine-year veteran age 26 or 27, left the Royal Irish Rifles with another soldier on a home leave pass in February 1915 and returned to his family in Belfast. Sands had a pass for four days. Instead, he stayed for five months — openly living with his wife, and wearing his military uniform, until some unknown busybody turned him in as a deserter that July. He would tell his court-martial that he had lost his travel documents to return to the horrible front, and had been blown off when he visited a Belfast barracks to see about a replacement. He did not aim to desert, he insisted; “Had I intended to desert I would have worn plain clothes, but up to that time I was arrested I always wore uniform.” His commanding officer “consider[ed] this a bad case of desertion and I recommend that the sentence be carried out.” And it was. Sands was buried at a nearby churchyard, but his resting-place was lost during the war. He has a marker at Cabaret-Rouge Military Cemetery at Souchez."
"Private","Scholes","William","2nd Battalion South Wales Borderers","10th August 1918","Age 25","Private William Scholes (Service Number 44174) of the 2nd Battalion, South Wales Borderers was executed for desertion during the First World War on 8 August 1918. He was the last man serving in a Welsh regiment to be shot at dawn during the conflict. Scholes was a conscripted soldier born in 1893. At the time of his execution, he was already serving a suspended death sentence for a previous instance of desertion. Historical accounts indicate that Scholes repeatedly went absent without leave because he felt the military allowance provided to his widowed mother—for whom he was the sole financial support—was measly and inadequate. He is buried at the Borre British Cemetery in Nord, France"
"Private","Scotton","William","4th Battalion Middlesex Regiment","3rd February 1915","Age 19","Private William Scotton was a British soldier executed by firing squad for desertion during the First World War. He was shot at 7:05 a.m. on 3 February 1915 in Vierstraat, Belgium, at the age of 22. He served as a Private (Service Number S/6922) in the 4th Battalion, Middlesex Regiment. Scotton initially joined the King's Liverpool Regiment in 1910 but was discharged in 1911 as ""not likely to become an efficient soldier"" after a prior desertion incident. He re-enlisted alongside his brother, Albert, at the outbreak of war in July 1914 and was deployed to France by December 1914. On 27 December 1914, he absented himself while his unit was relieving another regiment in the trenches before Kemmel. He was quickly caught and given 21 days of Field Punishment No. 1. On 23 January 1915, Scotton went missing again after being warned for a fatigue party moving from the reserve trenches to the frontline. He turned himself in on 25 January 1915 once his battalion returned to camp.  He was tried by a Field General Court Martial on 28 January 1915 and charged with ""Deserting His Majesty's service"" while on active service. Following the confirmation of his death sentence, he was executed at Vierstraat. To serve as a warning to others (""pour encourager les autres""), his own battalion was paraded to witness the firing squad, which was composed of a sergeant and seven members of his own company. Because he was executed, he has no known individual standard military grave; instead, his name is commemorated on Panel 51 of the Ypres (Menin Gate) Memorial in Belgium."
"Private","Seymour","John","2nd Battalion Royal Inniskilling Fusiliers","24th January 1918","Age Uriknown","Private John Seymour (Service Number 10603) was a British soldier executed for desertion during the First World War on 24 January 1918. Private Seymour was court-martialled for desertion. At his trial, he could provide no excuse for his absence other than stating, ""my nerves get the better of me sometimes"". The four-man court-martial was unmoved by his plea and sentenced him to death. According to a 2004 Irish Government report, Seymour's Regimental Sergeant Major held a highly negative view of his ""fighting character"". This heavily influenced the confirmation process. Evidence indicates he was explicitly executed to serve as a harsh example to others because previous desertions in the unit had not been dealt with as severely. His execution was the only one carried out by the British military during the entire month of January 1918.  He is buried at the Ferme-Olivier Cemetery in Belgium"
"Private","Sheffield","Frederick","2nd Battalion Middlesex Regiment","12th January 1915","Age 26","Private Frederick Sheffield was an English soldier executed by a British military firing squad for desertion during World War I. He was tried alongside another soldier and became one of the earliest men to be ""shot at dawn"" during the conflict. He served as a Private (Service No. 6351 / L/14164) in the 2nd Battalion, Middlesex Regiment. After six weeks of active service, Sheffield and a fellow soldier named Joseph Ball deserted their unit together in late 1914.  He was tried by a Field General Court Martial on 30 December 1914 and convicted of attempting to desert. He was executed by firing squad on 12 January 1915 in France. Because he was executed for a disciplinary offence, his name is commemorated on Panels 31 and 32 of the Le Touret Memorial in Pas de Calais, France"
"Private","Simmonds","William","23rd Battalion, Middlesex Regiment","1st December 1916","Age 23","Private William Simmonds who had been serving in 23 Middlesex Regiment. Details of the offence conformed to a familiar pattern. Following the soldier’s absence whilst on the Somme, the private had been arrested, tried and then executed at Poperinghe. The 23 year old was the first soldier to be executed during the war whilst serving with 41 Division. On 4 December another Territorial soldier was executed; and his army number suggests that he enlisted prior to the outbreak of war. Perhaps surprisingly, only five weeks had passed since a previous death sentence had been carried out on a volunteer serving in this battalion. And by coincidence, exactly one month had passed since the last Terrier’ had been shot."
"Private","Simmes (aka Simmers),","Robert","2nd Battalion Royal Scots","19th May 1918","Age 25","Private Robert Simmers had joined the Royal Scots and was attached to the second battalion, part of 3 Division. The 25 year old was shot on 19 May, becoming the twenty-third victim of the firing squad in this the bloodiest of all the army’s divisions, as far as death sentences were concerned. Two days later a Canadian soldier of a similar age was shot, and it is suggested that the former labourer might not have been too bright. When the man enlisted, either he did not know how old he was, or he did not know his correct date of birth. Army records of the soldier’s stated age and his date of birth do not tally."
"Private","Sinicky (aka Sinizki)","Dimitro","52nd Battalion Canadian Expeditionary Force","9th October 1917","Age 22","Private Dimitro Sinicky (also spelled Sinizki) was a Canadian soldier executed by firing squad for cowardice during World War I on 9 October 1917. Born in Kiev, Russian Empire (modern-day Ukraine), he migrated to Canada before the war and enlisted in Winnipeg, Manitoba. He holds the sombre distinction of being the only soldier in the Canadian Expeditionary Force (CEF) to be shot at dawn specifically for the military offense of cowardice. While on active duty in Belgium, Sinicky refused orders to put on his equipment and move to the front lines. The following night, while being marched to the front under an armed escort, he sat down and refused to move any further. During his court-martial, Sinicky stated that he disobeyed orders because he ""was afraid and feared being wounded."" His explanation was rejected under the strict military laws of the era. He was executed at dawn"
"Private","Skilton","Charles","22nd Battalion Royal Fusiliers","26th December 1916","Age 20","Private Charles Skilton avoided disciplinary action, due to a lack of evidence. As the fighting on the Somme drew to a close 2 Division was still in action. During the last week in October the Fusiliers’ diary recorded just how bad the conditions could be. A week of heavy rain had turned the ground into mud. In the middle of November the battalion attacked the Quadrilateral, but reluctant soldier Private Skilton had gone absent in the interim. His trial took place on 9 December, when once again a disillusioned soldier declined the assistance of an officer to act as prisoner’s friend. After the formal evidence had been given, the most dubious of documents was laid before the court. Major W J Phythian-Adams’s statement said that, had evidence been available, then Private Skilton would have been court martialled for cowardice following the attack on Deville Wood in July. The major then continued with a character assassination – which ultimately proved truly fatal. Private Skilton was described as lazy, shirked fatigues in the trenches, and a man who was unreliable and useless. It comes therefore as no surprise that the confirming authorities did not seek to reduce the prescribed penalty. 20 year old Charles Skilton was executed at 7.08 am on Boxing Day, in the small village of Yvrench. For a reason that is unclear, his grave was not located after the war and consequently Skilton is commemorated on the Thiepval Memorial to the Missing. The village of Yvrench is 15 kilometres north-east of Abbeville and there is every possibility that the search for graves in post-war years was not carried out so thoroughly in this area, it being so far from the battlefront."
"Rifleman","Slade","Frederick","2/6th Battalion London Regiment (Rifles)","14th December 1917","Age 24","Rifleman Frederick William Slade was a British soldier executed for disobedience during World War I on 14 December 1917 at the age of 24. Serving as a stretcher-bearer with the 2/6th Battalion, London Regiment (City of London Rifles), Slade became one of only three British soldiers executed strictly for disobedience during the Great War. On 26 October 1917, Slade refused to obey a direct order to go on parade before his unit went into action. He enlisted in early 1916 and had a history of disciplinary trouble. He was confined to barracks before arriving in France, and in August 1917, he received three months of Field Punishment No. 1 for a separate disobedience charge. While serving his field punishment, he refused to parade again, stating he was suffering from extreme stress. He claimed he was no longer responsible for his actions because what he witnessed at the Battle of Bullecourt earlier that year had severely ""worked on my mind"". Following a court-martial, he was sentenced to death and shot by a firing squad. He is buried at Bleuet Farm Cemetery (Plot 2, Row B, Grave 33) near Elverdinge, Belgium."
"Private","Sloan","John","1/4th Battalion King's Own Royal Lancaster Regiment","16th July 1916","Age Unknown","Private Sloan had enlisted before the war as a Territorial Soldier, and had been serving in support trenches during June, before being sent to a back area on a course of instruction. During this training, which involved bombing with hand grenades, an eyewitness saw Private Sloan discard his equipment and make off. Six days later he was arrested in Rouen, and when questioned he stated that the had a pass to travel to the UK. His trial took place on the day before Brennan's and in due course the small village of Barly on the Arras front was the scene of his execution. Private Sloan is buried in Barley French Military Cemetery."
"Private","Smith","James","17th Battalion King's (Liverpool) Regiment","5th September 1917","Age 26","Private James ""Jimmy"" Smith was a British soldier executed by his own military for desertion during World War I, later receiving a posthumous pardon. Born in Bolton in 1891, Smith enlisted in the Lancashire Fusiliers in 1910. He served honourably at Gallipoli and the Somme. On the Somme in October 1916, he was buried alive by a German artillery shell. He survived but suffered severe shell shock (PTSD) and physical injuries. Traumatised and struggling to follow orders, Smith wandered away from his post on the eve of the Battle of Passchendaele. He was subsequently court-martialled for desertion. He was shot by a firing squad on 5 September 1917 at Kemmel, near Ypres, Belgium. In a tragic twist, the initial volley only wounded Smith. The officer in charge panicked and ordered Smith's close friend, Private Richard Blundell, to deliver the final shot to the head. Blundell was deeply traumatised by the event for the rest of his life"
"Private","Smith","John","1st Battalion Loyal North Lancashire Regiment","2nd July 1916","Age Unknown","Private John Smith was probably in his late twenties. What, however, is extraordinary about his case is that he was the fourth man from his is extraordinary about his case is that he was the fourth man from his battalion – 1 Loyal North Lancs – to be executed in four-and-a-half months. Only one other man was executed from this regiment during the remainder of the war. The speedy imposition of this string of successive executions further substantiates the contention that death sentences were confirmed in an arbitrary manner."
"Rifleman","Smith","William","2nd Battalion Rifle Brigade","3rd October 1915","Age 37","Rifleman William Smith of the 2nd Battalion, Rifle Brigade, was a British soldier executed for desertion during World War I. He served as a Rifleman under service number S/9405 in the 2nd Battalion of the Rifle Brigade. He was court-martialled and found guilty of desertion under military law. He was executed by firing squad—a fate historically referred to as being ""shot at dawn""—on 3 October 1915. He was 37 years old. He is buried at the Sailly-sur-la-Lys Canadian Cemetery in France"
"Private","Smith","William","3/5th Battalion Lancashire Fusiliers","14th November 1917","Age 20","Private William Smith was a British soldier executed by firing squad for desertion during World War I on 14 November 1917 at the age of 20. On 9 October 1917, during heavy fighting at the Battle of Passchendaele, Private Smith and two other soldiers from his unit ""opted out"" and fled. After three days on the run, the trio reached the English Channel coast and surrendered to military authorities. All three men were court-martialled and sentenced to death. However, Private Smith was the only one executed; his two companions had their sentences commuted to 15 years of suspended imprisonment. He was shot at dawn at 06:30 AM behind a primary school in Reningelst, Belgium"
"Private","Smythe","Albert","1st Battalion Irish Guards","28th January 1915","Age Unknown","Private Albert Smythe  served for a number of years before the war. His battalion, which had been in action continually since Mons, was fighting in the Ypres Salient when in November 1914 he deserted. As in the previous case, a French woman had been harbouring him. He had been unearthed by the Military Police during a raid on a barn. After the trial the battalion commander added his comments to the proceedings, stating  that Smythe’s reputation was disappointing. Nevertheless, his  sentences was confirmed – and subsequently carried out on 28 January. The familiar notification soon appeared in General Routine Orders.  His grave was found after the war and commemorated on Le Touret Memorial."
"Driver","Spencer","James","Royal Field Artillery","29th September 1915","Age Unknown","James Spencer was a telephonist, and a member of the 65th Battery of the RFA who was tried and found guilty of deserting his post at Potijze on 12 June 1915. He had joined the battery on 25 April, but maintained that he had served with the BEF since early in the war and had been wounded. Enquiries were made to ascertain whether this was so, but no records of him being injured or evacuated home were found. This was recorded in the notes about him penned by the Brigadier General Commanding the 5th Division Artillery. Sykes and Putkowski, following Babington, comment on these notes and say, surely correctly, that the Brigadier was wrong to state his opinion that Spencer deserted to spend some ill gotten gains on women and booze. This was written after the trial, so could not have influenced those proceedings, but might have played a part in deciding Spencer's ultimate fate. It was clearly wrong to have written thus, but it seems fair to make two other points about the Brigadier. He did not conclude that 'Spencer was a deliberate skulker who should be shot' - he wrote about him in a way that can only be described as enthusiastic. 'During the three weeks preceding his absence', the Brigadier said, Spencer 'was employed as a telephonist. His work was satisfactory and he shared the dangers of the observing parties with ability and courage.' He had a completely clean conduct sheet. Spencer's file is a very small one. The notes on his trial reveal that he was seen in the telephonists' dug-out at 5 pm on 12 June, but had gone an hour and a half later. The position was in a wood 'about 1700 yards from the German lines the place was frequently searched by shell fire by day and night, also at night there were a large number of stray bullets from the trenches.' What had Spencer to say about his crime ? 'The accused in his defence states that he remembers nothing from the afternoon of 11th June until the afternoon' when an MP found him saddling a horse in a barn in Vlamertinghe. The court was told Spencer had been given an excellent character 'as a telephonist and linesman since March 1915' by both his captain 'and Corpl. Callender with whom he has been working. 'Spencer really was a first offender, and there can have been few men who paid the ultimate penalty in WW1 who had such a good record and such glowing assessments from his superiors (spoiled it must be admitted by those comments about his motives for taking off)."
"Private","Spencer","Victor","1st Battalion Otago Regiment New Zealand 65th Battery Expeditionary Force","24th February 1918","Age 23","Victor Manson Spencer, 8/2733, 1st Battalion, Otago Infantry Regiment. Executed, 24 February 1918. Born in Ōtautau, Southland, in 1896, Victor Spencer was the only child of James and Mary Spencer. A descendant of the first Pākehā settler at Bluff, James Spencer, and his Ngāi Tahu wife Meri Kauri, Victor lost both his parents when he was young and was cared for by his aunt, Sarah Goomes. Upon leaving school, he became an apprentice engineer in Bluff and was the cox of a local rowing crew. In April 1915, Victor enlisted in the New Zealand Expeditionary Force. The 18-year-old claimed to be 20 – the minimum age for recruits. He joined the Otago Battalion as a private and by November was at Gallipoli for the last stage of the ill-fated campaign. After a period of rest and recuperation in Egypt the New Zealand forces were reorganised and in April 1916 Victor departed for the Western Front with the New Zealand Division.  The division was based first at Armentières, a relatively quiet sector of the front, where they adjusted to the new conditions of warfare. On the night of 9–10 July Victor endured a heavy enemy bombardment – an experience that defined the rest of his war service. Wounded, he was evacuated to a field ambulance and found to be also suffering from ‘shell shock’. When he was sent back to the trenches after a few weeks in hospital, he immediately went missing. Victor was caught by the Military Police on 12 August and sentenced to 18 months’ imprisonment with hard labour. In June 1917 his sentence was suspended and he returned to his unit. Two months later he went missing again. He was found on 2 January 1918, living with a French woman and her two children, and was charged with desertion. At a court martial, Victor recounted his experience at Armentières, stating, ‘[s]ince then my health has not been good and my nerve has been completely destroyed.’ The court decided not to call for medical evidence in relation to this claim and instead found him guilty. He was sentenced to ‘suffer death by being shot’. Early on the morning of 24 February 1918 Victor Spencer was executed by a firing squad. His grave lies in The Huts Cemetery, near Ieper in Belgium, and he is remembered on the war memorial in Bluff."
"Private","Spry","William","2nd Battalion Royal Fusiliers","14th June 1918","Age 29","Private William Thomas Spry (Service Number G/305) of the 2nd Battalion, Royal Fusiliers, was executed by a British military firing squad for desertion on 15 June 1918 during World War I.  Spry was 29 years old at the time of his execution. He was married to Annie Elizabeth Spry and originally hailed from Camberwell, London. Before his final arrest, he was an experienced soldier who had served in the Dardanelles campaign and fought on the Somme. At the time of his final offence, Spry was already serving under two suspended sentences, including a previous suspended sentence of death. He absconded from his unit during a ""stand-to"" order and managed to avoid capture for four days before being arrested by military authorities in Boulogne, France. Because he was a repeat offender operating under a suspended death sentence, military commanders ultimately refused to grant him further clemency. His death sentence was confirmed, and he was shot at dawn. Private Spry is buried at the Morbecque British Cemetery in northern France"
"Private","Stead","Frederick","2nd Battalion West Riding Regiment (Duke of Wellington's)","12th February 1917","Age 20","In December of 1916 Stead had found himself gravely warned when he was first court martialled because he went AWOL., He saw his death sentence commuted to penal servitude, eventually suspended, due to the need for man power taking precedence, and he was ordered to return to the trenches upon his release and to report to the duty room Sergeant at 9am on 15th December 1916. Private Stead did not report that morning, thus search parties were sent out in vicinity of the camps, but Stead could not be found. It was 7am, two days before Christmas of 1916 in Fruges, when a Corporal Howe spotted Private Stead. Howe asked Stead ‘where he was going and from where he had come.’ Stead told the Corporal: ‘I have been discharged from hospital in Abbeville and was given a warrant to Montreuil, I gave the warrant to a police man there and was told my regiment was 8km away.’ Howe, as 5th witness in the trial of Private Stead, exclaimed to the court he did not believe this story thus taking Stead into custody. After making some enquiries at Montreuil it was confirmed that Stead’s version of events was fabricated. Stead saw Christmas pass and the year draw to a close within the confines of four grey walls, no doubt petrified for his life. Stead was not brought back to his battalion until New Year’s Eve, awaiting his second court martial date of 11th January 1917 that would deliver the final blow.  Soldiers who faced trial with a previously tainted service record were in a very perilous position and arguably Stead recognised, and to an extent, accepted the end was imminent. After analysis of the court martial minutes, Stead appeared exhausted and disillusioned, the soldier’s morose outlook would seem to have not only extended to continual silence throughout the trial, but perhaps a reflection on the putative injustice that ran through the military law’s veins. ‘The accused was given every opportunity for cross examining the witness and making a statement in mitigation of punishment,’ instead a broken Private Stead resigned himself to the end. In spite of his previous convictions and injuries, Stead was given a very fair account of his service by the officer of his battalion; as it was explained he ‘always performed his duties in the trenches satisfactorily’ and on the first day on the Somme offensive, Stead was reported to have done ‘good work with the casualties.’ The statement in Stead’s defence, went on to suggest he perceived Stead as ‘deficient mentally.’ As a consequence of this, a special medical report was ordered to investigate such claims before reaching a recommendation on the case. Stead was placed under observation for seven days under war neurologist Captain William Brown, to which he concluded to the court: ‘I can find no evidence of feeble mindedness or other mental defect in his case.’ Brown’s clearing of Stead’s mental condition afforded no explanation of his behaviour on the field and so it was believed there were no extenuating circumstances in the case to warrant a more lenient treatment.  The Edwardian generation were not culturally attuned to mental health, but we will never be able to establish now whether Stead was actually a young man at a cognitive disadvantage, living with learning difficulties, or was this ‘observation’ of Stead reflective of the lack of understanding of war neurosis? ‘Death was instantaneous,’ were the final three words documenting Frederick’s life up until he drew his last breath, at 06:50am."
"Private","Stedman","Joseph","117th Company Machine Gun Corps","5th September 1917","Age 25","Joseph Stedman was aged 25 and came from Liverpool. Stedman’s case is unique for a number of reasons. Firstly he was the first soldier from a machine gun company to be executed. Secondly his unit, 117 Company Machine Gun Corps, was serving in 39 Division, in which previous executions had only been carried out for cowardice; three such shootings had occurred, and the death of deserter Stedman was the last execution in the division. Finally and most amazingly, is the inscription on the headstone of his grave. Clearly it suggests that the soldier’s parents were deceived. It reads: ‘He died for King and Country may he rest in peace Amen’. Another soldier with an inappropriate inscription on his grave was shot at Vlamertinghe (mid-way been Ypres and Poperinghe) on the following day."
"Private","Stevenson","David","13th Battalion Middlesex Regiment","18th July 1918","Age 23","The commander had stated that in the face of any danger, then Private David Stevenson could always be relied upon to run away. Whilst in a forward area Stevenson had absconded and remained absent for seven weeks. Details of the offence were posted at the Cyclist Base Depot at Rouen on 2 August 1918. Private Stevenson was next seen in a village in a back area, leading a pony. True to his commander’s prediction, when sensing danger the soldier had run off, as the military officials approached. When questioned the private had lied, saying that he was working for the town major. Unfortunately for Stevenson he was already under a suspended sentence for a previous offence of desertion. During the review procedure Sir Henry Horne, commanding First Army, commented on the soldier’s age. His opinion was that although the soldier was young – in fact 23 – so were a good number of other soldiers who were serving creditably. The army commander was indeed correct on this point, although Private Stevenson would seem to have been a little younger than most men who were executed at this time. During the first six months of 1918, the average age of those soldiers shot by firing squad was just under twenty-six-and-a-half years. This statistic is based on a sample embracing twenty of the twenty-six soldiers shot during the first six months of 1918. The recollections of an ex-sergeant, who had been in charge of the firing squad who shot Private Stevenson, were published after the war. ‘… It was a terrible scene, being that I knew him made it worse for me. The ten men were selected [for the firing squad] from a few details left out of the line. They were nervous wrecks themselves, and two of them had not the nerve to fire. O f course, they were tried [by court martial] but they were found to be medically unfit – their nerves had gone … The last words the lad said were: “What will my mother say?”.’ The grim ritual had taken place at 3.57 am on 18 July, in the mining village of Bully-Grenay, near Lens."
"Private","Stevenson","Richard","1/4th Battalion Loyal North Lancashire Regiment","25th October 1916","Age Unknown","Private Richard Stevenson (Service Number 2554) was a British soldier executed for desertion during World War I on 25 October 1916. He served in the 1/4th Battalion of The Loyal North Lancashire Regiment. Stevenson’s battalion originally went to France in May 1915 as part of the 51st (Highland) Division. In January 1916, they transferred to the 164th Brigade of the 55th (West Lancashire) Division and moved to the Arras sector before arriving at the Somme sector in July 1916. Following periods of heavy combat, Private Stevenson was court-martialled and found guilty of desertion under military law. He was executed by firing squad (historically referred to as ""Shot at Dawn"") on 25 October 1916. He is buried at the Poperinghe New Military Cemetery in West-Vlaanderen, Belgium"
"Private","Stewart","Stanley","2nd Battalion Royal Scots Fusiliers","29th August 1917","Age 21","In July 1917, Private Stanley Stewart went absent from duty. On 12 August, he was court martialled for desertion and found guilty. Seventeen days later, he was executed by firing squad, aged 21. He was the seventh case to claim a history of mental illness as his defence. In military terms, without having a legitimate reason for wandering away, Stewart’s behaviour was classed as desertion and he did not receive a medical examination. The Commander-in-Chief reviewed all the facts and confirmed the sentence of death. This extract from his statement is recorded in the proceedings of the official Field General Court Martial. 'I was for 3 years in a civil Asylum from 1908 to 1912 at Glasgow Asylum Ayrshire. On coming out of Asylum I enlisted in the Special Reserve Battalion of Royal Scots Fusiliers. I came out to France with 2nd Bn in Sept 1914. In Dec 1914 my dug out was blown in. I was dug out by some engineers. I was evacuated to England with shell shock. On rejoining my unit I was told I was recommended for discharge but never got it. The guns upset me which I put down to my previous complaint. I have been sent home twice for wandering away from my unit.' The House of Commons began to take an interest in military executions, especially in 1916 when several cases were raised by MPs. In October 1917, Philip Snowden, leader of the Independent Labour Party, raised Private Stanley’s case and the question of shell shock. Snowden maintained that Stewart was returned to active service before his nerves had recovered. In April the following year, Private Stewart’s mother wrote to the authorities: “'Dear Sir, Excuse the liberty I am taking in writing to you… if you would kindly tell me what to do? Surely a British mother is entitled to something for the loss of her son? I brought him up from when he was a year and 8 months old without a father. Will you kindly write and let me know what I am to do, and oblige?'"
"Lance Sergeant","Stones","Joseph","19th Battalion Durham Light Infantry","18th January 1917","Age Unknown","The incident for which he was executed occurred in the trenches near Arras on 26 November 1916. Stones was charged with shameful casting away his arms and appeared before a court martial on Christmas Eve 1916. Stones was defended by Captain Walmington, a 40 year old qualified solicitor. According to his statement at his court martial, his officer, Lieutenant James Mundy, mortally wounded during an encounter with a German patrol approaching the British trenches, ordered him to go for help. Stones was next seen by a Sgt Foster at a battle post about 700 yards from the front line. In evidence Foster testified that Stones was without his rifle and bayonet. He was later described as being 'in a pitiable state of terror. 'Stones testified that he was unable to fire his rifle because its safety catch was on and the cover was over the breech, so he had jammed it across the trench and abandoned it to slow down what he took for a German raiding party entering the British line, whilst he withdrew to the rear seeking help. This explanation has been challenged by historian Gordon Corrigan who noted that a rifle placed across a trench does not constitute a barrier, and a far more practical method of slowing the Germans would simply be to open fire on them. Removal of the breech cover takes less than a second. In spite of Stones' statement as to the order that he had received, and one from his company commander that: ""he is the last man I would have thought capable of any cowardly action"", he was convicted of ""shamefully casting away his rifle"" in the face of the enemy, and sentenced to death. The General commanding the 106th (Infantry) Brigade, Brigadier-General H. O'Donnell, upheld the verdict and death sentence, in spite of his doubts about the quality of the evidence presented. On 11 January 1917 the matter was placed before Field Marshal Sir Douglas Haig as the Commander-in-Chief of the British Expeditionary Force, along with the files of 10 other men from the 35th Division whom had been tried and sentenced to death for desertion in the presence of the enemy in the same incident. Haig confirmed three of the death sentences (including Stones'), and effectively pardoned the remaining eight men. Stones was executed at Roellecourt in France by a firing squad on 18 January 1917, alongside two Lance-Corporals, John McDonald and Peter Goggins, also of the 19th Battalion D.L.I., who had been similarly sentenced to death for abandoning their posts in the same affair. All three were transported to a field in a motor ambulance vehicle manacled and blindfolded, where upon arrival they were escorted from the vehicle and tied to three wooden posts fixed in the earth, and shot simultaneously by three separate firing squads of 12 men each from their regiment. The chaplain who prayed with them before their deaths remarked that he had never met three braver men. Stones' body was buried in the British military cemetery at Saint-Pol-sur-Ternoise"
"Private","Swain","John","5th Battalion Royal Berkshire Regiment","11th August 1918","Age Unknown","Private John Swain, service number 39463, was a soldier in the 5th Battalion of the Royal Berkshire Regiment who was executed for desertion during World War I. He was shot by a firing squad on August 11, 1918. Swain absconded after being warned that his unit was being sent to the front-line trenches. At the time, he was already serving under two suspended sentences. He was found hiding in a cornfield several miles away the following day. When apprehended, he had removed his regimental badges and provided a false name. He is buried in the Montigny Communal Cemetery Extension in the Somme, France"
"Driver","Swaine","James","54th Battery Royal Field Artillery","9th June 1916","Age Unknown","Pte Swaine first served in the army in 1900 in the Royal Horse Artillery aged 34.  He left three years later but re-enlisted as a driver at the beginning of World War I. He served on the frontline for 17 months but failed to return from his home leave after falling sick. Pte Swaine was then arrested and sent back to France and later found guilty of desertion and was then executed by firing squad at dawn. His grandson, Terry Morrish, only found out about his grandfather's fate after his mother died in 1975. He said: ""No one knows what he went through but the fact that he volunteered for active service as well as serve 17 months is testament to the fact that he was a brave man whose only crime was being human."""
"Private","Sweeney","John","2nd Battalion Otago Regiment New Zealand Expeditionary Force","2nd October 1916","Age 37","Private John Joseph Sweeney (1879–1916) was an Australian soldier who, while serving with the New Zealand forces in World War I, was executed by firing squad in France for desertion. He remains historically notable because his execution was highly controversial, and he was ultimately granted a posthumous parliamentary pardon.  Born in Tasmania, Sweeney was working in New Zealand when the war broke out. He enlisted as a tunneller, fought at Gallipoli, and was an original ANZAC. He was repeatedly hospitalised for shell shock and nerve gas exposure. Suffering from battle fatigue, he was absent without leave (AWOL) after a brief respite and was later apprehended. Because he enlisted with the New Zealand forces rather than the Australian Imperial Force (AIF), he was subject to New Zealand military law—which permitted the death penalty. Without legal representation, he was court-martialled for desertion and shot at dawn on October 2, 1916, at 5:44 a.m. Had he enlisted in Australia, the death penalty would not have applied."
"Private","Tanner","Edward","1st Battalion Wiltshire Regiment","27th October 1914","Age 33","Private Edward Tanner was a 33-year-old British soldier who was executed by a firing squad for desertion on 27 October 1914. Serving with the 1st Battalion, Wiltshire Regiment (Service Number 5919), he was one of the earliest British soldiers to be ""Shot at Dawn"" during the First World War. Tanner was an experienced soldier who had already fought during the gruelling retreat from Mons and in the subsequent Battle of the Aisne. Just prior to the incident, he had been hospitalized and was recovering from a severe bout of dysentery. While returning to his unit in Flanders, Tanner hid his rifle and military equipment, disguised himself in civilian clothes, and hid away. He was discovered and arrested by military police the following day. At his court martial, Tanner pleaded that his ""nerves had been shattered"" by the intense enemy artillery shelling he had experienced. At this stage of the war, combat stress and psychological trauma (later known as shell shock) were not recognized as valid medical defences by military authorities. His plea was dismissed. He was found guilty of desertion and sentenced to death. He was executed on 27 October 1914. After the war, his exact burial site could not be located, and he is commemorated on the Le Touret Memorial in France,"
"Private","Taylor","John","15th Battalion Lancashire Fusiliers","27th January 1917","Age Unknown","Private John Taylor was a British soldier who was executed by firing squad for desertion during the First World War. Due to the large number of casualties with this name, historical records identify two distinct individuals named John Taylor who were executed under military law: 2nd Battalion,  Date of Execution: 6 November 1917. He was a regular soldier who would have normally been transferred to the Army Reserve in the summer of 1916. He deserted the front lines under the mistaken belief that, because it was his service anniversary, he was automatically entitled to a month of home leave. Burial Site: Lapugnoy Military Cemetery in Pas-de-Calais, France"
"Private","Taylor","John","2nd Battalion South Staffordshire Regiment","6th November 1917","Age Unknown","Private John Taylor (Lancashire Fusiliers) Service Number: 27555 Unit: 15th Battalion, Lancashire Fusiliers (1st Salford Pals). Date of Execution: 27 January 1917. A regular soldier who arrived in France in late 1914, he had a previous conviction for desertion in 1915. In April 1916, he was punished for missing trench duty, and on 18 November 1916, he went absent again. He was apprehended a month later hiding in the billets of another regiment and was sentenced to death by a Field General Court Martial. Burial Site: Bertrancourt Military Cemetery in the Somme, France"
"Private","Taysum","Norman","9th Battalion Royal Highlanders (Black Watch)","16th October 1917","Age 25","Private Norman Henry Taysum was a British Army soldier who was executed by firing squad for desertion during World War I. Norman Taysum had originally been an army cyclist before a posting in June 1916"
"Rifleman","Templeton","James","15th Battalion Royal Irish Rifles","19th March 1916","Age Unknown","The last words of James Templeton, a 20-year-old mill apprentice from Belfast, are written neatly in his own hand. Before he was executed by his own battalion in the trenches of northern France in 1916, Templeton wrote: ‘I’m sorry for what I have done’. This was his only defence before he was taken out, blindfolded, and shot by a firing squad made up of the soldiers he served with. Templeton had volunteered with the Royal Irish Rifles because he wanted to join Britain’s glorious cause. Then, in the trenches, he failed to turn up to a parade. He had missed parades before but it was deemed a minor offence. This time he was executed for desertion, in the words of his commanding officer, as a ‘deterrent’ to other men."
"Private","Thomas","John","2nd Battalion Welsh Regiment","20th May 1916","Age 44","Father of three children and a reservist, Thomas stated at his trial for desertion that at 44 it was unfair to expect him to be able to perform as well as younger men."
"Private","Thompson","Alfred","3rd Battalion Worcestershire Regiment","26th July 1915","Age 25","Private Alfred Thompson (7625) 3rd Battalion Worcestershire Regiment. Private Thompson of Holloway Head, Birmingham was a regular soldier. He had joined the Battalion at the beginning of November 1914. On the 27th June 1915, Private Alfred Thompson and Private Robinson absconded together after they were told that they were to be on night duty in trenches near Hooge. The 3rd Battalion had been in action in this area since 16th June. On the 5th July 1915 both Private Thompson and Private Robinson were arrested at Abancourt while they were sitting on a train bound for Rouen. However, this did not effect the outcome of the trial. Thompson was shot by firing squad with 4 other deserters from the 3rd Battalion on the ramparts of Ypres on the 26th July 1915. He was 25 years of age. At their court martial in a statement it said that both men were good soldiers, but that it appeared they were suffering from nervous strain at the time they went absent. He was originally buried at the Ramparts Cemetery but was later transferred to the Aeroplane Cemetery, Belgium, which is 3.5 Km northeast of Ypres town centre"
"Private","Thompson","William","6th Battalion East Kent Regiment (The Buffs)","22nd April 1916","Age 27","Private William Landreth Thompson was a Newcastle-connected soldier who was executed by firing squad for desertion during World War I. He was shot at dawn on 22 April 1916 while serving with the 6th Battalion of The Buffs (East Kent Regiment).  He was the husband of Florence Rosetta Hedley (formerly Thompson), who lived at 180 Canning Street, Benwell Grove, Newcastle upon Tyne. He was the son of Mary and the late Moses Thompson. Private Thompson (Service Number 7547) was officially ""Shot at Dawn"". His case is briefly documented in the historical record book Shot at Dawn by Julian Putkowski and John Sykes. Following his death, his sister fought a dedicated 17-year campaign to clear his name and clear the family of the stigma associated with wartime executions. He is buried in the Labours Communal Cemetery in France"
"Private","Tite","Reginald","13th Battalion Royal Sussex Regiment","25th November 1916","Age 27","Private Reginald Tite of the 13th Battalion (Southdowns) Royal Sussex Regiment, was executed for a mix of cowardice and desertion in November 1916. At the time of his execution he was 27. The following information about him and his case is drawn from the work Blindfold and Alone: British Military Executions in the Great War by Cathryn Corns and John Hughes-Wilson: “On 9th October, Reginald Tite serving with the 13th Royal Sussex on the Somme left his battalion trenches under fire. Although his charge sheet had been prepared on 12 October he was not tried until 2 November 1916. He was charged with “When on active service misbehaving before the enemy in such a manner as to show cowardice…by…leaving the trenches without permission from a senior officer”. The court martial records note that Tite objected to the president of the Court Major Heagerty as he belonged to his own battalion, but the court overruled this objection. Pte Dacey who was in charge of the Lewis gun team of which Tite was a part told the court that Tite had asked permission to leave the trench. 2nd Lt Evans refused permission but showed him to a safe place and told him to stay their [sic] during a planned trench mortar demonstration. A short while later Tite could not be found but reported back at about 12.30. He was then put on periscope duty. Tite left the trench again and spoke to a Sgt Benford and told him he could not stay in the line. Benford told him to go back and that it was a serious matter to leave the line but Tite replied he could no longer stand it. He was then arrested. In his defence Tite made a statement, not on oath. He said “I wish to state that I am very queer when I am in the line. I can’t sleep and I can scarcely eat anything. When there is a bombardment on I seem to take leave of my senses. I run from one bay to another and I have to clear out of the line altogether”… Pte Tite was sentenced to death. Despite the claim to mental problems he was not examined by a doctor apart from the usual pre-trial examination. The RAMC captain who saw him made no reference to his mental state and wrote “I have today examined no 4242 Pte Tite and find that he is physically fit.” This is another case where a man appears to have been broken psychologically by the Battle of the Somme but whose condition went unrecognised.”"
"Private","Tongue","James","1st Battalion King's (Liverpool) Regiment","8th January 1917","Age Unknown","Private James (Joseph) Tongue was a British soldier in the 1st Battalion of the King's (Liverpool Regiment) who was executed for desertion during World War I. He was shot by a firing squad at Brailly, France, on January 8, 1917, after being absent without leave for several months. Tongue was reported missing during a roll call at Montauban Wood on June 28, 1916. He remained missing for five months until he was arrested emerging from a disused dugout on November 29, 1916. He was tried for desertion. Despite his defence and evidence of physical or mental degeneracy, the commander of the 2nd Division recommended the extreme penalty, and the commander of the Fifth Army refused to excuse his actions. Tongue was buried at the Agenvillers Churchyard in the Somme region of France."
"Private","Troughton","Albert","Ist Battalion Royal Welsh Fusiliers","22nd April 1915","Age 22","Albert was born in Foleshill, Coventry in 1893. He lived with his parents (dad NATHANIEL) mum and 3 brothers and 2 sisters. He worked as a turner, a maker of metal components for machinery and tools. Albert joined the 1st Battalion, Royal Welsh Fusiliers, as a private, war service no. 10853. He went to the western front on the 6th October 1914. In 1915 he was charged with deserting his post, court martialled and shot by firing squad on the 22nd April, he was only 22 years old . Along with his comrade Private Major Penn, he was charged of going AWOL and they were shot in a double execution. They are both buried in the same grave, Both men were involved in fighting and endured intense attacks from the Germans. (almost 300 of his comrades were killed all around him ) .Troughton’s Commanding Officer told him his brother had been one of those killed in the attack. He alleged his CO shouted “everyone for himself “and he and Penn wandered off. They were later caught, found guilty of desertion and shot! Albert and Major are buried at the Estaires Communal Cemetery, Nord, France. The roll of the fallen claims he was “killed in action “at Merris and is buried there. (roll of Honour pg. 329 )The night before he was shot, he wrote a letter home to his family, which a jailor smuggled out of the military prison. He told them he was in good health and hoped they were too. Then went on to say that he was to be shot at 07.00 the following morning! He hoped they would take his news in good part and not get upset, he would die like a soldier so said his final goodbyes. Stating that he had fought in hail sleet and snow like a common soldier and all his regiment had been slaughtered, he wanted everyone to know he had done his duty. He asked for pity for all his comrades both living and dead and said his final goodbye. From this it would appear that he had accepted his lot and resigned himself to his punishment. It would seem also that he had done his duty but endured the most horrendous of situations and seen so many men killed around him."
"Private","Turner","Frederick","1/6th Battalion Northumberland","23rd October 1917","Age 31","Frederick Turner was a volunteer from Bensham, Gateshead, who arrived on the Western Front in 1915. He was wounded in action in 1916. In August 1917, while stationed near Arras, France, he absconded from a reserve trench. Though he was placed under arrest, he managed to escape custody before being recaptured. Following a court-martial, he was sentenced to death and executed by a firing squad."
"Private","Turpie","William","2nd Battalion","1st July 1915","Age 24","Private William John Turpie was a British soldier executed by firing squad for desertion during World War I. He was shot at 5:05 am on 1 July 1915 at the age of 24. [Service Number & Unit: Service number 4753 (or 7171 in some records); 2nd Battalion, East Surrey Regiment. On 10 April 1915, his company paraded at Vlamertinghe, Belgium, before heading to the front-line trenches. Turpie was present for the parade but disappeared before the unit reached the trenches. He successfully managed to flee the Western Front and travel all the way back to the United Kingdom. After roughly a month in the UK, he was apprehended by civil police and confessed to being a deserter. He was sent back to the front line in Belgium, tried by a military court martial, and sentenced to death. He is buried at the Commonwealth War Graves Commission's White House Cemetery in St Jean les Ypres, Belgium"
"Sergeant","Wall","John","3rd Battalion Worcestershire Regiment","6th September 1917","Age 22","Sergeant John Thomas Wall (13216) 3rd Battalion Worcestershire Regiment. Sergeant J. T. Wall of Bockleton, near Tenbury, Worcestershire had enlisted in the Worcestershire Regiment in 1912. He was posted to the 1st Battalion Worcestershire Regiment and after thirteen months' he was transferred to the 3 Battalion Worcestershire Regiment. He landed as a Lance-Corporal with the 3rd Battalion on the 12th August 1914. He had fought with his Battalion in every engagement. By 1917 his combat record, exemplary discipline and very good character had secured Wall promotion to sergeant. In August 1917 the 3rd Battalion, was directed to assault Westhoek Ridge. On the evening of Thursday, 9th August the 3rd Battalion moved up from Halifax Camp to Bellewaerde Ridge. Two companies went into trenches immediately behind the crest of the Ridge, the remaining two companies, including Wall's, relieved the 8th Border Regiment at Lake Farm and Railway Wood Dugouts. At 2 a.m. on 10th August Company Sergeant Major J. Davies told his platoon sergeants, including Wall, to order their men to move out from Railway Wood Dugouts. Weighed down with rifles, buckets of grenades, digging implements and wire-cutters, the platoons, at 200-yard intervals, made their way towards the assembly positions. Plodding through gas-polluted mud, Wall's company was inching over Bellewarde Ridge when the leading platoon lost its way in the darkness. The British bombardment erupted. Two minutes later German heavy guns retaliated, targeting the reinforcements assembled behind the advancing troops. Caught on the exposed crest of the Ridge, Wall's platoon column was raked by storm of enemy shellfire. Lieut. Thomas Randle ordered the platoon to take cover and nine men, including Wall, huddled into a nearby concrete dugout. Others cowered outside, partially protected by the emplacement's bulky exterior. After a while Sergeant Davies, taking advantage of breaks in the bombardment, detached small parties of the more exposed group and sent them on their way up the line. Amongst those who squeezed into the dugout was Pte. W. H. White, who later testified for the prosecution at Wall's trial. White recalled that after hearing a summons from outside, six of the men in the dugout departed, leaving himself, Wall and Pte. Rowlands. After the shelling had abated Wall and White emerged from the dugout, searched vainly for the rest of the Company and concluded that they had gone back to Railway Wood Dugouts. He added ""Just then the enemy got up their barrage and so we remained in the dugout. We stayed there all that day and through the next day, the 11th August, up till about 5 or 6 p.m. when the shelling had ceased."" Wall, White and Rowlands then returned to the Railway Wood Dugouts and remained there until the Company returned on the morning of 12th August, when the sergeant reported himself present to the duty sergeant. On being asked where he had been, Wall explained that he had reported what had happened to an officer from another regiment. Wall was subsequently charged with desertion and tried by Field General Court Martial on 20th August. He was undefended but gave sworn testimony about his conduct. He said: ""As far as I knew the Company was going up in the supports for an attack. On the way we lost direction and halted. The enemy opened fire and our officer ordered us, 'to take cover'. I looked round for cover from my platoon. I did not find any place except a concrete dugout in which I found 9 or 10 men and I joined them there, the rest of the company was sheltering around the dugout and in an old piece of trench. I stopped in the dugout. Whilst there Sergeant Barlow of my company came in and said 'he wanted 4 to 6 men to go on a patrol'. He got his men from the dugout, leaving only Rowlands, White and I there. About 5 minutes later I went outside to see what the company was doing, or to get some men into the dugout, but I found that the company had gone."" The Court Martial did not take into account Wall's impeccable military career or the full extent of the circumstances at the time. However, Sergeant Wall was found guilty and sentenced to be shot. The officer who authorised Wall's court-martial was a celebrated Hampshire cricketer, Lieut.-Colonel Alexander Johnston, who had formerly commanded 10 Battalion Cheshire Regiment, also part of 7th Brigade. He had taken over from Brigadier General Cranley Onslow barely twenty-four hours before Wall's platoon set out for Bellewaerde Ridge. Sergeant Wall (age 22) was executed at 5.25 a.m. on 6th September 1917 at Poperinghe by a firing squad under the command of Captain Alfred Vint, 3 Battalion Worcestershire Regiment"
"Lance Sergeant","Walton","William","2nd Battalion King's Royal Rifle Corps","23rd March 1915","Age 26","Lance Sergeant William Walton was a British soldier who was executed by firing squad for desertion on 23 March 1915 during World War I. He is recognized historically as the first British soldier suffering from shell shock to be court-martialled and executed for such an offence. He served as a Lance Sergeant (Service Number 7552) in the 2nd Battalion of the King's Royal Rifle Corps. He was 26 years old at the time of his death and was the son of Mrs. H. Walton of Hanley, Staffordshire. Walton was a veteran of the British Expeditionary Force (BEF) who fought at the Battle of Mons and survived the brutal First Battle of Ypres. Following the trauma of Ypres at the end of 1914, Walton went missing from his unit. He was later apprehended, court-martialled for desertion, and received no recommendation for mercy from higher military command. Modern historical analyses and court papers indicate that Walton was suffering from a severe nervous breakdown (shell shock/PTSD). At the time, the British military rigidly viewed his psychological condition as cowardice or a lack of discipline rather than a medical emergency. He is buried at the Longuenesse (St. Omer) Souvenir Cemetery in France"
"Private","Ward","George","1st Battalion Royal Berkshire Regiment","26th September 1914","Age 20","Private George Ward was a British soldier executed by firing squad for cowardice during World War I. He was the second British soldier to be executed during the conflict. Service number 9641, serving in the 1st Battalion, Royal Berkshire Regiment. He was 20 years old and the son of George and Jane Ward from Walworth, London. On 14 September 1914—just his third day deployed on the frontline—Ward left his post during heavy shelling. He claimed to his commander that he was wounded. Upon returning to his unit, medical examination revealed he had no injuries, leading to a court-martial for cowardice. His commanding officer, General Sir Douglas Haig, confirmed the death sentence to ""prevent cowardice in the face of the enemy"". Ward was executed on 26 September 1914. Because he was executed, Ward has no known individual grave. He is commemorated on the La Ferté-sous-Jouarre Memorial in Seine-et-Marne, France"
"Private","Ward","Thomas","8/10th Battalion Gordon Highlanders","16th October 1917","Age 23","Private Thomas Ward was a British soldier who was executed by firing squad for desertion during the First World War on 16 October 1917. He was 23 years old at the time of his death. He served as a volunteer with the 8th/10th Battalion, Gordon Highlanders (Service Number: S/15240). He was born in 1894, the son of Mrs. Ward of 31 Society Street, Glasgow, and was married to Fanny Watt. Private Ward was court-martialled and sentenced to death for desertion. Precise day-to-day archival details of his specific trial or motivations have largely been lost over time. He is buried at the St. Nicolas British Cemetery in Pas-de-Calais, France"
"Private","Watkins","George","13th Battalion Welsh Regiment","15th May 1917","Age Unknown","Private George Watkins (Service Number 8139) of the 13th Battalion, Welsh Regiment, was executed by firing squad for desertion on 15 May 1917. He was 31 years old. Watkins was a veteran, professional soldier who originally enlisted in the British Army in 1904. As an active reservist, he was recalled to the colours at the outbreak of World War I in August 1914. He arrived in France with the 2nd Battalion, Welsh Regiment, and fought in the early campaigns, including the Battle of Mons. He was wounded twice in action during 1915 but returned to his unit each time after recovering. In December 1916, while stationed in the Ypres Salient, Watkins deserted his unit. He evaded capture for roughly three months before being caught in March 1917. During his military trial, Watkins pleaded that ""family troubles"" had caused him to leave his post. Despite his length of service, twice-wounded status, and a previously unblemished record, the court-martial passed a death sentence. He was shot at dawn on 15 May 1917. He is buried at the Ferme-Olivier Cemetery in Elverdinge, Belgium"
"Private","Watts","Thomas","7th Battalion East Yorkshire Regiment","30th August 1917","Age 21","Private George Watkins (Service Number 8139) of the 13th Battalion, Welsh Regiment, was a British soldier executed by firing squad (""shot at dawn"") for desertion on 15 May 1917 during World War I. He originally enlisted in the regular British Army in 1904. Following his initial discharge, he remained a reservist and was recalled to active service at the outbreak of the war in August 1914. He arrived in France with the 2nd Battalion, Welsh Regiment, in August 1914 and fought in the historic Battle of Mons. During 1915, Watkins was wounded in action twice but returned to frontline service each time. Watkins deserted his unit while stationed in the Ypres Salient in December 1916. He managed to evade authorities for several months until he was captured in March 1917. During his court martial, he pleaded that ""family troubles"" back home caused him to absent himself. Despite his long service record, previous wounds, and clean disciplinary record prior to the incident, his plea was rejected. He was executed at dawn on 15 May 1917 at the age of 31. Private Watkins is buried at the Ferme-Olivier Cemetery in Elverdinge, near Ypres, Belgium"
"Private","Watts","William","1st Battalion Loyal North Lancashire Regiment","5th May 1916","Age 29","During the First World War, Private William Watts of the 1st Battalion, Loyal North Lancashire Regiment, was executed by firing squad for desertion on 5 May 1916. He was 29 years old.  In November 1915, Private Watts was granted a 10-day leave from active frontline service but failed to return to his regiment. He was subsequently arrested, court-martialled, and sentenced to death for desertion. Originally from Dingle, Liverpool, Watts was a married father of three. His younger brother was also fighting on the frontline at the time. Because of the severe social stigma attached to a ""Shot at Dawn"" execution, his family hid the truth of his death as a painful secret for 90 years"
"Private","Webb","Henry","2nd Battalion King's Own Yorkshire Regiment","31st October 1917","Age Unknown","Private Henry Webb had enlisted in the army in 1913 and consequently had served on the Western Front for a considerable period. The soldier’s downfall came about when a heavy enemy barrage had been more than he could stand. Webb’s platoon commander had been sympathetic and sent the soldier to see the battalion doctor. Unfortunately the doctor prescribed medicine and duty, and consequently the private went absent without leave. For two months the Yorkshireman remained missing, until the theft of a French civilian’s wallet led to the soldier’s arrest and detection. Webb, who was under a suspended sentence of five years’ imprisonment for a previous crime, was shot in the remote village of Lederzeele."
"Private","Welsh","Charles","8th Battalion Canadian Expeditionary Force","6th March 1918","Age 28","Already under a suspended death sentence for desertion Welsh went missing prior to his units assault on Passchendaele. He was found ten weeks later in a private house in Poperinge. Welsh became the last soldier to be shot by firing squad in Mazingarbe’s abattoir."
"Private","Westwood","Arthur","8th Battalion East Surrey Regiment","23rd November 1917","Age 20","Westwood had a history of disciplinary trouble stemming from the brutal conditions of the Western Front. Earlier in 1917, he was sentenced to 90 days of Field Punishment for desertion. Later that same year, he absconded once again from the trenches in the notorious Ypres Salient. Following his court-martial, his death sentence was confirmed by Field Marshal Sir Douglas Haig.  He was the son of William and Ellen Westwood, residing at 27A Leagrave Road, Fulham, London. He is buried at Bleuet Farm Cemetery in Elverdinge, near Ypres, Belgium"
"Private","Wild","Arthur","18th Battalion West Yorkshire Regiment","5th September 1916","Age 24","Private Arthur Wild (Service Number: 18/356), a 24-year-old soldier in the 18th Battalion of the West Yorkshire Regiment (the ""Bradford Pals"") during World War I, was executed by firing squad for desertion on September 5, 1916. On June 30, 1916—the day before his battalion was ordered to advance into the Battle of the Somme—Private Wild and his comrade, Private Herbert Crimmins, visited a local establishment to drink. After drinking, the pair fell asleep in a field and subsequently missed their regiment's deployment to the front lines. When they were apprehended, three witnesses testified that Wild was suffering from shell shock (now known as PTSD). Despite evidence of his condition and officers attesting to his previously excellent character, both Wild and Crimmins were court-martialled, convicted of desertion, and shot at dawn. Private Arthur Wild is buried at the Vieille-Chapelle New Military Cemetery in Lacoutre, France"
"Rifleman","Williams","Harry","1/9th Battalion London Regiment (Queen Victoria's Rifles)","28th December 1917","Age Unknown","Private Harry Williams was a volunteer who had enlisted in a Middlesex Territorial battalion in 1915. His transfer from 1/8 Middlesex to Queen Victoria’s Rifles took place during the Battle of the Somme. He was already under a 15 year suspended sentence for absence when in November 1917 he had fallen out from his company and refused orders. A German attack was in progress and reinforcements were required, but, sick with fear, the private remained immovable. Strangely, the private was charged with desertion, when perhaps cowardice might have seemed a more likely charge. What Williams required however was rest, away from the carnage of war. His treatment, like so many others, was despicable. Private Williams, the fourth and final volunteer to be shot in 56 Division, was executed near Arras on 28 December."
"Private","Wilson","James","4th Battalion Canadian Expeditionary Force","9th July 1916","Age 37","Private James Wilson (Service Number 10701) was an Irish-born soldier who served with the 4th Battalion, Canadian Infantry during World War I and was executed by firing squad for desertion at 4:20 am on 9 July 1916. He is remembered as one of the 25 Canadian soldiers ""Shot at Dawn"" during the Great War. Born in Limerick, Ireland in June 1879, Wilson was a veteran who served nine years with the Connaught Rangers before emigrating to Canada. He volunteered for service at the very start of the war, enlisting in August 1914 with the Canadian Expeditionary Force. Wilson struggled significantly with military discipline on the front lines. He had reportedly gone absent or deserted multiple times and was already under a suspended sentence when he left his post before a major action. Following a Field General Court Martial, he was sentenced to death. His execution was carried out in Belgium. He is buried at the Poperinghe New Military Cemetery in Flanders, Belgium"
"Corporal","Wilton","Jesse","15th Battalion Notts and Derby's Regiment(Sherwood Foresters)","17th August 1916","Age 40","Corporal Jesse Wilton was a British soldier who was executed by firing squad during World War I on 17 August 1916 for the military offence of ""quitting his post"". He served as a Corporal (Service No. 23972) in the 15th Battalion, Sherwood Foresters (Notts and Derby Regiment). Born in Brownhills, Staffordshire, he was a 40-year-old former coal miner who enlisted when the battalion formed in February 1915. He was married to Annie Elizabeth Wilton. In July 1916, during the brutal Battle of the Somme, Wilton's party left their isolated frontline trench position without official orders following intense fighting and chaotic conditions. He was court-martialled for leaving his post during the battalion's tour from 17–20 July 1916. Found guilty, he was sentenced to death and shot at dawn. He is buried at the Bray Military Cemetery in France"
"Private","Wishard","J","7th Battalion Royal Inniskilling Fusiliers","15th June 1917","Age Unknown","Private John James Wishard was a British Army soldier who was executed by firing squad for desertion on 15 June 1917 during the First World War. Born in Omagh, Ireland, he served with the 7th Battalion, Royal Inniskilling Fusiliers (Service Number 26248). Wishard disappeared between Hazebrouck and Bailleul while travelling to rejoin his battalion. He was arrested three weeks later in Boulogne but managed to escape custody. He briefly wore civilian clothes before being recaptured, though he maintained at his trial that he had no intention to permanently desert and had worn his uniform up until his initial arrest. Despite evidence of his previous good character, his command structures recommended the death penalty to maintain rigid wartime discipline. Death: He was executed at dawn on 15 June 1917"
"Rifleman","Woodhouse","John","12th Battalion King's Royal Rifle Corps","4th October 1917","Age Unknown","John Woodhouse was already under a suspended sentence of death when, prior to an attack during the Battle of Langemarck, the soldier made off. The absentee’s subsequent actions were predictable, as he fled for the Channel ports with unrealistic intentions. Sixteen days later Woodhouse was found crouching under a hedge near Calais, and like numerous previous deserters, he tried to lie in an attempt to avoid detection. On this occasion the story was that the soldier had lost his way after returning from leave. Woodhouse’s battalion, the 12th, had had a man shot just the previous June for desertion, and his division, the Twentieth, also suffered a similar fatality during September."
"Private","Worsley","Ernest","2nd Battalion Middlesex Regiment","22nd October 1917","Age Unknown","Private Ernest Worsley was a British soldier executed for desertion during World War I. He served in the 2nd Battalion, Middlesex Regiment (Service Number 8857).  Worsley was an early volunteer who enlisted in 1914 and had been serving on the Western Front in France since July 1915.  the autumn of 1917, while being sent out of the front-line trenches to collect rations, he walked away from his unit. He was arrested by military police in Calais six days later without his military equipment. Following a Court Martial, he was executed by firing squad on 22 October 1917. He is buried at the Pont-D'Achelles Military Cemetery in France"
"Private","Wright","Frederick","Ist Battalion Royal West Surrey Regiment (The Queen's)","28th January 1917","Age Unknown","Private Ernest Worsley was a British soldier who was executed by firing squad for desertion during World War I on 22 October 1917. He was later granted a posthumous pardon by the British government. Worsley was a volunteer who enlisted in 1914 and served with the 2nd Battalion, Middlesex Regiment in France starting in July 1915.  In the autumn of 1917, after being ordered out of the front-line trenches to fetch rations, he fled the area. He was arrested six days later in Calais without his military equipment. He was court-martialled, convicted of desertion, and executed at dawn. His remains are buried at the Pont-D'Achelles Military Cemetery in France"
"Private","Wycherley","William","2nd Battalion Manchester Regiment","12th September 1917","Age 24","Private William Wycherley was just 24 and from Cheetham Hill. His crime was 'desertion' and he's buried in Belgium. He was shot in September, 1917. Wycherley was said to have been punished for overstaying home leave by seven weeks and later again for deserting his battalion. Records show he offended for a third time and was arrested at Étaples, France, where he was said to have given a false ID"
"Rifleman","Yeoman","Walter","1/12 Battalion London Regiment (The Rangers)","3rd July 1917","Age 22","Rifleman Walter Yeoman was a British soldier executed for desertion during World War I on 3 July 1917 at the age of 22. He served with the 1st/12th Battalion, London Regiment (The Rangers). His military service number was 474371. Yeoman had served less than 6 months on active duty. After going absent, he was initially handed a death sentence that was commuted to 15 years of imprisonment. However, he deserted a second time, after which the execution was carried out.  He is buried in Row B, Grave 16 at the Achicourt Road Cemetery in France"
"Private","Young","Elsworth","25th Battalion Canadian Expeditionary Force","29th October 1916","Age 21","Elsworth Young Born on 2 June 1895 in Halifax, Nova Scotia, Elsworth Young enlisted in the 25th Battalion during November 1914 at the age of 19. He was stationed in France in September 1915, serving as a batman. On June 14, 1916, he was granted eight days leave. On September 16, 1916, Private Young was reported from base missing. He was ordered to report back to his company's Sergeant-Major, in order to be transferred to replace troops lost during the Battle of Flers-Courcelette. He failed to report on time, though he arrived in time for the evening's rollcall. On October 6, 1916, it was recorded that Private Young on October 4 was reported missing, now safe. Several days later however, Young was arrested after being found miles behind the front lines, dressed in a Corporal's uniform. He initially gave a false name and rank to the Military Police who arrested him. He was charged with desertion, court-martialled and sentenced to death. He was executed by firing squad at 06:26 on 29 October 1916. His remains are today located in Bully-Grenay Communal Cemetery,"
"Private","Young","Robert","11th Worcestershire Regiment","18th September 1916","Age 21","Private Robert Young (204232) 11th Battalion Worcestershire Regiment. Private Young was already serving under a two year suspended sentence for absence and striking a superior officer, when he went missing again. This offence had been committed just two months before the end of hostilities, when Private Young found himself in action for the first time. During heavy shelling in which the dugout had been blown in, Young made his way to the rear. Although at his court martial he was convicted of desertion, had evidence been available at the time a charge of cowardice might have been preferred. At his trial little or no regard was paid to statements made by him in defence of his actions and he was executed by firing squad on the 18th September 1918. He was 21 years of age. Private Young is buried at the Karasouli Military Cemetery, Greece. The cemetery is near the town of Polikastron (formerly Karasouli) which lies some 56 Km from Thessalonika"
"Lance Corporal","Short","Jesse","24th Battalion Northumberland Fusiliers","4th October 1917","Age 30","Lance Corporal Jesse Robert Short (of the 24th Battalion, Northumberland Fusiliers) was a 30-year-old British soldier executed by firing squad in Boulogne on October 4, 1917. He was the sole soldier put to death following the Etaples Mutiny. Short’s execution was the tragic climax of a revolt against brutally harsh training conditions at the Etaples base in September 1917. The key details of his case include: On September 11, 1917, during disturbances at the camp, Short urged soldiers to lay down their arms and to throw an officer (Captain E. F. Wilkinson) into the river. Short was arrested, quickly court-martialled, and found guilty of inciting mutiny. His death sentence was confirmed by Field Marshal Sir Douglas Haig. He was executed on October 4, 1917, and is buried at the Boulogne Eastern Cemetery. Unlike the majority of soldiers executed for cowardice or desertion during WWI, Short (along with a few other mutineers) was initially excluded from the Shot at Dawn Memorial at the National Memorial Arboretum. Following a successful campaign by families of the executed, his name and memory were eventually honoured there"
"Private","Braithwaite","John (aka Jack)","2nd Battalion Otago Regiment New Zealand Expeditionary Force","29th October 1916","Age Unknown","Braithwaite did not conduct himself well at the front. An absence without leave on 3 May 1916 cost him his stripes, following which he admitted he 'let duty and soldiering go to hell'. After serving in the trenches from 14 to 22 May – his only such service – he again left his unit without permission and was sentenced to 60 days' field punishment. His situation worsened still further on 7 July when he was sentenced to two years' imprisonment with hard labour for escaping from confinement. The punishment was repeated after Braithwaite had tried to escape while being transferred to the British Army's Blargies North military prison, near Abancourt, where he was incarcerated on 31 July. On 28 August 1916 Braithwaite was involved in an incident involving an Australian prisoner, who swore at and later resisted arrest by a military policeman. An unruly crowd of some 30 Australian and New Zealand inmates intervened, and Braithwaite, who was mess orderly, tried to give the prisoner his lunch. As the fracas developed, Braithwaite made the fatal mistake of leading the prisoner away to his tent, in order, he claimed, to pacify the situation. This conspicuous action led to his being singled out by the prison authorities for punishment as one of the principal offenders. On 11 October 1916 Braithwaite found himself facing his fourth court martial, charged along with three Australians with the heinous military crime of mutiny. Although he put forward a plausible defence, which was corroborated by the evidence of defence witnesses, he was found guilty and sentenced to death. In applying the law firmly the court almost certainly sought to send a message to the colonial prisoners, the treatment of whom had already been the cause of dissension within the prison. The mutual antipathy between the Australasian prisoners and the British military policemen – the hated 'red caps' – lay at the heart of the affair. Although the Australians received the same sentence, they were never in danger of being shot because of their government's prohibition on executions without reference to Australia. No such reservation had been insisted upon by the New Zealand government, and Braithwaite's sentence was duly confirmed on 25 October 1916 by the commander in chief, General Sir Douglas Haig. The disciplinary problems within the prison and Braithwaite's poor service record removed any inclination towards clemency at general headquarters. There was no requirement, under the terms of service applying to New Zealanders, for the case to be reviewed by any New Zealand officer. Nor did Braithwaite have any practicable avenue of appeal against his conviction and sentence, which he learned of on 28 October, probably at a promulgation parade. The Australians, in stark contrast, had had their sentences commuted to two years' hard labour. At 6.05 a.m. on 29 October 1916 Braithwaite was shot by a firing squad at Rouen. He was one of five New Zealanders executed for military offences during the First World War, and the only one not put to death by the New Zealanders themselves. Aware of the sensitive nature of the case, the military authorities in New Zealand ensured that it received no publicity at the time. Although briefly raised in Parliament in 1919, when a garbled account of the mutiny was given by the New Zealand Labour Party leader, Harry Holland, the execution did not arouse any public feeling. Not until the 1980s did it become a subject of considerable discussion. In September 2000 a bill granting pardon to Braithwaite and four other New Zealand soldiers executed during the First World War was passed by Parliament. Braithwaite was foolhardy, even stupid, in his failure to take military discipline seriously, and was treated firmly by the New Zealand divisional authorities. But in his final, fatal, brush with military law, he was more unlucky than criminally intent. He found himself cast in the role of sacrificial victim and paid the supreme penalty."
"Gunner","Lewis","William","124th Brigade Royal Field Artillery","29th October 1916","Age Unknown","Jack Braithwaite, of Dunedin, volunteered for the New Zealand Expeditionary Force in May 1915. He served in Egypt and was later sent to France in April 1916. While serving in France, he fell foul of the military authorities on a number of occasions, losing his rank as lance corporal in May 1916. He went absent without leave, served at the front for a short time, and was later imprisoned after again leaving his unit, receiving further terms in military prison after seeking to escape. His attempt to defuse an incident involving a group of Australian and New Zealand prisoners and a military policeman at a military prison resulted in his being charged with mutiny. British military leader General Sir Douglas Haig confirmed the court-martial sentence, and he was executed on October 29, 1916 at Rouen."